web_URL_id,domain_category,cluster,pca1,pca2,total_violations,avg_score
16,government and public services,1,-2.469227303324636,0.6634833556808106,1,4.0
17,government and public services,1,-2.0584833122220387,-0.5071561481011838,16,3.25
20,government and public services,1,-2.1267940158496326,-0.6593790815790297,9,3.0
21,news and media,1,0.8345330103283359,3.2302809104081005,49,3.5714285714285716
26,news and media,1,0.946683967536954,0.32217356159326543,49,4.0
27,news and media,1,-1.6998378439235458,-0.782843509177579,16,3.25
28,news and media,1,-0.5726120298902567,-1.3733752568378452,36,3.0
30,news and media,1,0.19782450315185282,-0.3245322580445128,49,3.2857142857142856
33,e-commerce,1,-1.1391851632729981,1.4606237176511858,16,4.5
35,e-commerce,0,3.7746546209471665,0.07013985039154846,100,3.5
38,e-commerce,1,-1.7243741228343619,-1.0806335016341002,25,3.4
51,technology science and research,1,-2.3589475142887717,-0.025727148312359508,4,3.5
52,technology science and research,1,-1.9890759716065525,-0.6816861308433397,16,3.0
58,technology science and research,1,-2.7985321028838843,-0.8784771565117183,4,3.0
64,educational platforms,0,2.3085077394038023,-0.5475467443830977,81,3.3333333333333335
65,educational platforms,1,-0.49467755786821077,0.17049686398504996,25,3.8
68,educational platforms,1,-2.133884197528037,0.2786435600263639,9,3.3333333333333335
77,government and public services,0,3.8549812828614796,-1.9429495043252876,121,3.636363636363636
81,government and public services,1,-2.469227303324636,0.6634833556808106,1,4.0
93,e-commerce,1,-1.6663169432289593,0.020216275417606174,16,3.5
95,e-commerce,1,-1.9019772863072362,-1.0221985000700564,16,2.75
96,e-commerce,1,-1.5694355460823237,-1.0574167222520974,25,3.0
97,e-commerce,0,1.6637521300962537,0.3436230145537937,64,3.625
105,streaming platforms,1,-2.3393638187066585,0.04462808256180639,4,3.5
107,health and wellness,1,-2.901036420948191,-1.5748309492089838,4,2.5
108,health and wellness,0,1.9334578670878513,1.1014909089118954,64,3.875
109,health and wellness,1,-2.8263414849420463,-0.9310125948558622,4,3.0
111,health and wellness,1,-1.4649906232770473,0.48765832600696396,16,3.5
112,health and wellness,1,-2.221304639136031,0.6704917472694579,4,4.0
113,health and wellness,1,-0.1893371372559524,-0.7811176866297742,49,3.4285714285714284
119,technology science and research,1,-1.4332306467800262,-0.7971167019661625,25,3.2
120,technology science and research,0,1.382316184041532,1.158260370181655,64,3.75
122,technology science and research,1,0.03766784656164938,0.686790167757477,36,3.8333333333333335
123,technology science and research,0,1.4927129231910576,-1.0928755976893105,64,3.875
124,technology science and research,1,-0.6897756894900023,0.2885698113954278,25,3.8
169,educational platforms,1,0.40975264233354214,-1.1270571124526727,49,3.5714285714285716
180,government and public services,1,-1.6478304517950544,1.3955310392639604,9,4.333333333333333
186,news and media,1,-1.9858032869081936,0.30632507227150213,9,3.3333333333333335
189,news and media,2,7.190030242173725,3.403170736612007,169,3.692307692307693
204,streaming platforms,0,8.341374851492128,-2.8057866318415967,196,3.7857142857142856
215,health and wellness,1,-2.431524232704022,-0.5066687415061395,4,3.0
216,health and wellness,1,-2.3393638187066585,0.04462808256180639,4,3.5
223,technology science and research,1,0.6307157786858285,0.3736502088673599,49,4.142857142857143
225,technology science and research,1,-1.9198438440889003,0.3324392510382075,9,3.6666666666666665
226,technology science and research,0,0.9745108008713312,-0.34243613169541964,49,3.7142857142857144
232,e-commerce,1,-0.4979837820531156,0.2624182782647368,36,3.5
234,technology science and research,1,-1.6027091550124302,0.46382463732346574,16,3.75
236,technology science and research,1,-2.7985321028838843,-0.8784771565117183,4,3.0
239,health and wellness,1,-2.9825733126339435,-0.8209681032152132,1,3.0
244,educational platforms,1,0.49986212190620244,-0.9908451391494821,49,3.2857142857142856
249,educational platforms,1,0.4062861376099884,1.782877965155696,49,3.4285714285714284
250,educational platforms,1,-2.977320708105124,-0.8225661153775016,1,3.0
252,educational platforms,0,4.062950104916838,-1.925574702261577,121,3.363636363636364
255,educational platforms,1,-2.2983650245580427,-0.6445890945926617,9,3.3333333333333335
256,educational platforms,0,1.8424571989950265,-1.272187449292708,64,3.75
257,educational platforms,0,0.8387893141432446,0.6884764349777848,64,3.625
258,educational platforms,1,0.00815841984783114,0.6028601504078841,36,4.0
259,educational platforms,1,-0.6197195198861609,0.5732462173989135,25,3.6
263,educational platforms,1,-1.5364911424546286,-0.40645068883186786,25,3.6
266,government and public services,1,-2.3393638187066585,0.04462808256180639,4,3.5
268,government and public services,1,-2.3393638187066585,0.04462808256180639,4,3.5
270,government and public services,1,-2.126576043875577,-0.7221558142102322,9,3.0
274,government and public services,1,-2.13994296659201,-1.5677095129303518,16,2.75
275,government and public services,1,-0.8289412781447657,-0.799691745749968,36,3.6666666666666665
276,government and public services,1,-2.1029208500773198,-0.5166462117519143,9,3.3333333333333335
281,news and media,0,1.6826778866149144,0.16350445142620726,64,3.625
286,news and media,2,10.067964620630557,3.088147206842296,196,3.5714285714285716
298,e-commerce,1,-0.1769789214352239,0.5645609204380316,49,3.0
301,streaming platforms,0,2.308479184956656,-2.429219970337967,100,3.4
305,streaming platforms,1,-1.5253088001955128,-0.1669668191401587,16,3.5
309,streaming platforms,1,-2.255047087917642,-1.464185052527661,9,2.6666666666666665
312,health and wellness,1,-1.6982653384647164,-1.0124527982439393,16,3.0
313,health and wellness,1,-1.5219763484211803,-0.08789286234345464,16,3.5
316,health and wellness,1,-0.9553173915342612,0.09665422714388566,25,3.6
318,health and wellness,2,10.021860964035659,-0.9241655267527609,225,3.8
319,health and wellness,1,-0.2175625423006589,-1.0468268441789066,36,3.5
326,technology science and research,1,0.2958560205081026,-0.1824367117097642,49,3.857142857142857
331,educational platforms,1,-1.3063091786172,-0.6668225591090057,25,3.4
335,government and public services,1,-2.807425141027782,-0.871249182352837,9,3.0
337,government and public services,1,0.13033986343632345,0.4980898766379854,36,3.6666666666666665
343,news and media,1,-1.7243741228343619,-1.0806335016341002,25,3.4
344,news and media,1,0.01839625476029442,2.2325202401082516,36,3.6666666666666665
354,streaming platforms,1,-1.7329056651484125,-0.9111120478485262,16,3.0
358,health and wellness,1,-1.6986112505347004,-0.832669929563392,16,3.25
359,health and wellness,1,-2.087163036490862,-0.521440248238779,9,3.3333333333333335
362,technology science and research,1,-1.9802139012909408,-0.996868391368569,16,3.25
364,technology science and research,0,6.5500712341595815,-1.449246341076046,144,3.5833333333333335
368,news and media,1,-1.5040781051079808,-0.026776709784717915,16,3.5
371,news and media,2,10.092709566877202,-0.1135425372718323,196,3.357142857142857
381,educational platforms,0,5.906600441779326,-3.3650395623998652,169,3.3846153846153846
382,educational platforms,0,5.28596158310438,-0.8431572500355654,144,3.8333333333333335
384,educational platforms,0,3.9300287719489293,-0.7611098958990075,100,3.8
387,health and wellness,1,-2.2970462844405457,0.6292405787046684,4,4.0
388,health and wellness,1,-2.3694527233464093,-0.022531123987782998,4,3.5
391,health and wellness,1,-2.1029208500773198,-0.5166462117519143,9,3.3333333333333335
392,health and wellness,0,2.842092420650275,-1.9393147497721812,81,3.3333333333333335
399,e-commerce,1,-0.5611528747236681,2.8979622207466695,36,3.8333333333333335
401,streaming platforms,1,-1.637498304993888,-0.2323915063639982,16,3.25
402,streaming platforms,1,-2.221085881914246,-1.7805912249788003,16,2.5
404,streaming platforms,1,-2.828621007523635,-0.9456363630613077,4,3.0
408,streaming platforms,1,-1.7542067125624294,-0.8210176890244363,16,3.0
413,technology science and research,1,-2.431524232704022,-0.5066687415061395,4,3.0
414,technology science and research,0,4.634419295191903,1.8189394250825044,144,3.75
415,technology science and research,0,2.762839464819389,-0.6869418193899236,81,3.6666666666666665
416,technology science and research,1,-0.32678325805084607,-0.6322277038474459,36,3.1666666666666665
419,technology science and research,1,-0.020934192218521965,-0.256566688187733,49,3.5714285714285716
420,technology science and research,1,-2.3393638187066585,0.04462808256180639,4,3.5
424,educational platforms,1,-2.431524232704022,-0.5066687415061395,4,3.0
428,streaming platforms,1,-0.6338473478027804,-0.7306258177218335,36,3.5
431,e-commerce,1,-0.2534167231752624,-0.21329938602324483,36,3.3333333333333335
434,health and wellness,1,-2.088082981532496,-0.48407043294941926,9,3.3333333333333335
435,health and wellness,0,7.146413899416541,-0.8784012976562048,196,3.642857142857143
500,health and wellness,1,-2.469227303324636,0.6634833556808106,1,4.0
501,health and wellness,1,-1.6416585009906117,1.124686404572372,9,4.0
502,health and wellness,1,-2.469227303324636,0.6634833556808106,1,4.0
503,technology science and research,2,8.238331669979885,8.910864711700814,162,3.4444444444444446
504,technology science and research,2,8.238331669979885,8.910864711700814,162,3.4444444444444446
505,technology science and research,2,8.238331669979885,8.910864711700814,162,3.4444444444444446
506,technology science and research,1,-0.6201532079461706,0.8369167991525278,25,4.2
507,technology science and research,1,-0.6201532079461706,0.8369167991525278,25,4.2
508,technology science and research,1,-0.6201532079461706,0.8369167991525278,25,4.2
509,technology science and research,1,-1.0033989968621289,-1.091356595351711,25,3.2
510,health and wellness,1,-1.6784815137382856,-0.9690184265072793,16,3.0
511,technology science and research,1,-2.0681527924187804,2.1036456134783523,1,5.0
512,e-commerce,1,-0.41744529856039475,-0.6449139884123063,36,3.5
513,e-commerce,1,-0.41744529856039475,-0.6449139884123063,36,3.5
515,health and wellness,0,3.610986563497535,0.8458506585210888,100,3.8
516,health and wellness,0,1.0147071543214534,1.3074900376466014,49,3.7142857142857144
517,health and wellness,0,1.8586373775716813,0.6280233580371583,64,3.625
518,health and wellness,1,-0.9350912504167606,1.0570688585763761,25,3.8
519,technology science and research,1,-0.9350912504167606,1.0570688585763761,25,3.8
520,news and media,0,2.276533778058326,-0.4701290531389102,81,3.4444444444444446
521,news and media,0,4.68770280015172,-1.6862853306469185,121,3.4545454545454546
522,news and media,2,10.808710153130953,-0.5035018886899688,225,3.8666666666666663
523,news and media,2,6.76474354358196,3.581228956901302,144,3.5833333333333335
524,news and media,2,5.410436576433266,2.677438153740932,121,3.727272727272727
525,news and media,2,6.76474354358196,3.581228956901302,144,3.5833333333333335
526,news and media,2,5.410436576433266,2.677438153740932,121,3.727272727272727
539,e-commerce,1,-1.405267940852639,0.5007333203169834,16,3.75
540,health and wellness,1,-2.278251637480938,0.6172114539286389,4,4.0
542,news and media,1,0.5311966599820238,-0.06861232409863106,49,3.142857142857143
543,news and media,1,0.5311966599820238,-0.06861232409863106,49,3.142857142857143
545,news and media,1,-0.22873966374711474,-0.2667587636133108,36,3.3333333333333335
548,educational platforms,1,-1.1030398023345944,0.2462363241363206,25,3.8
557,educational platforms,1,0.6186446178062721,0.5271346555556458,49,3.5714285714285716
558,educational platforms,1,0.6186446178062721,0.5271346555556458,49,3.5714285714285716
559,educational platforms,1,0.6186446178062721,0.5271346555556458,49,3.5714285714285716
569,health and wellness,1,-2.469227303324636,0.6634833556808106,1,4.0
570,health and wellness,1,-1.6630812133897466,0.6343821936173354,9,4.0
571,health and wellness,1,-2.1274720034052246,-0.8443887557205131,9,3.0
572,health and wellness,1,-2.469227303324636,0.6634833556808106,1,4.0
573,health and wellness,1,-2.3589475142887717,-0.025727148312359508,4,3.5
700,government and public services,1,-2.0584833122220387,-0.5071561481011838,16,3.25
701,government and public services,1,-2.0584833122220387,-0.5071561481011838,16,3.25
702,government and public services,1,-2.0584833122220387,-0.5071561481011838,16,3.25
703,government and public services,1,-2.0584833122220387,-0.5071561481011838,16,3.25
704,government and public services,1,-2.0584833122220387,-0.5071561481011838,16,3.25
705,government and public services,1,-2.0584833122220387,-0.5071561481011838,16,3.25
706,news and media,0,2.9745901183606054,4.765790929379945,81,3.4444444444444446
707,news and media,0,2.9745901183606054,4.765790929379945,81,3.4444444444444446
708,news and media,0,2.9745901183606054,4.765790929379945,81,3.4444444444444446
709,news and media,0,2.9745901183606054,4.765790929379945,81,3.4444444444444446
710,news and media,0,2.9745901183606054,4.765790929379945,81,3.4444444444444446
711,news and media,2,8.238331669979885,8.910864711700814,162,3.4444444444444446
712,news and media,0,2.9745901183606054,4.765790929379945,81,3.4444444444444446
713,news and media,2,8.238331669979885,8.910864711700814,162,3.4444444444444446
714,news and media,0,2.9745901183606054,4.765790929379945,81,3.4444444444444446
715,news and media,0,2.9745901183606054,4.765790929379945,81,3.4444444444444446
716,news and media,2,8.238331669979885,8.910864711700814,162,3.4444444444444446
722,news and media,1,-1.695278798760368,-0.7535959727666879,16,3.25
723,news and media,1,-1.695278798760368,-0.7535959727666879,16,3.25
724,news and media,1,-1.695278798760368,-0.7535959727666879,16,3.25
725,news and media,1,-1.695278798760368,-0.7535959727666879,16,3.25
726,news and media,1,-1.695278798760368,-0.7535959727666879,16,3.25
727,news and media,1,-1.695278798760368,-0.7535959727666879,16,3.25
728,news and media,1,-1.695278798760368,-0.7535959727666879,16,3.25
729,news and media,1,-1.695278798760368,-0.7535959727666879,16,3.25
730,news and media,1,-1.695278798760368,-0.7535959727666879,16,3.25
731,news and media,1,-1.695278798760368,-0.7535959727666879,16,3.25
732,news and media,1,-1.695278798760368,-0.7535959727666879,16,3.25
733,news and media,1,-1.695278798760368,-0.7535959727666879,16,3.25
5000,technology science and research,1,-2.2831984109515484,3.8786396669181884,36,5.0
5001,technology science and research,1,-2.0865397076698784,2.154894840591158,1,5.0
5002,educational platforms,1,-2.0865397076698784,2.154894840591158,1,5.0
5003,educational platforms,1,-2.5613759856566403,0.7159858690640961,1,4.0
5004,educational platforms,1,-2.5613759856566403,0.7159858690640961,1,4.0
5005,educational platforms,1,-2.5613759856566403,0.7159858690640961,1,4.0
5006,educational platforms,1,-2.5613759856566403,0.7159858690640961,1,4.0
5007,educational platforms,1,-2.5613759856566403,0.7159858690640961,1,4.0
5008,educational platforms,1,-2.5613759856566403,0.7159858690640961,1,4.0
5009,educational platforms,1,-3.036212263643403,-0.7229231024629661,1,3.0
5010,educational platforms,1,-3.036212263643403,-0.7229231024629661,1,3.0
5011,educational platforms,1,-2.5613759856566403,0.7159858690640961,1,4.0
5012,educational platforms,1,-2.5613759856566403,0.7159858690640961,1,4.0
5013,educational platforms,1,-2.5613759856566403,0.7159858690640961,1,4.0
5014,educational platforms,1,-2.0865397076698784,2.154894840591158,1,5.0
5015,educational platforms,1,-2.0865397076698784,2.154894840591158,1,5.0
5016,educational platforms,1,-2.0865397076698784,2.154894840591158,1,5.0
5017,educational platforms,1,-2.5613759856566403,0.7159858690640961,1,4.0
5018,educational platforms,1,-2.5613759856566403,0.7159858690640961,1,4.0
5019,educational platforms,1,-2.5613759856566403,0.7159858690640961,1,4.0
5020,educational platforms,1,-2.5613759856566403,0.7159858690640961,1,4.0
5021,educational platforms,1,-2.5613759856566403,0.7159858690640961,1,4.0
5022,educational platforms,1,-2.5613759856566403,0.7159858690640961,1,4.0
5023,educational platforms,1,-2.5613759856566403,0.7159858690640961,1,4.0
5024,educational platforms,1,-2.0865397076698784,2.154894840591158,1,5.0
5025,educational platforms,1,-2.0865397076698784,2.154894840591158,1,5.0
5026,educational platforms,1,-2.5613759856566403,0.7159858690640961,1,4.0
5027,educational platforms,1,-2.5613759856566403,0.7159858690640961,1,4.0
21319415,government and public services,1,-0.8676828955081629,-0.593034682579785,36,3.3333333333333335
37517988,technology science and research,1,-2.0915181669941414,-0.16453068616332603,10,3.0
53239342,streaming platforms,1,-1.8904683007157315,0.43797209734945625,9,3.6666666666666665
79862148,news and media,1,-2.1177920653873596,-0.5003953480041229,16,3.5
108292809,technology science and research,0,2.6231245832969763,3.3392100356145846,81,3.5555555555555554
111849147,technology science and research,1,-2.311305463767786,0.28525804276256284,5,3.3333333333333335
114166897,streaming platforms,1,-0.734568487790383,0.18286321605828645,25,4.0
128813600,educational platforms,1,-0.701911759687266,0.14738807846946078,25,3.6
145563147,e-commerce,1,-1.7243741228343619,-1.0806335016341002,25,3.4
193670859,news and media,0,6.482297542146485,0.35980156043620143,169,4.076923076923077
230914312,news and media,0,7.868089809129625,-1.4001073288181682,169,3.5384615384615383
265528793,educational platforms,1,0.10990048223601484,0.300716180049597,36,4.0
328623724,educational platforms,0,1.9704883328272358,-0.33893585184674135,81,3.888888888888889
339464061,news and media,1,-0.9001173250551493,0.3817681896316496,25,3.6
340545659,e-commerce,0,1.0352838748491546,-0.6910922604697193,64,3.5
440208167,e-commerce,1,-2.2983650245580427,-0.6445890945926617,9,3.3333333333333335
447677652,streaming platforms,1,-2.828621007523635,-0.9456363630613077,4,3.0
488474617,e-commerce,0,1.4140205157648364,-1.1143574123258997,64,3.25
499022650,e-commerce,0,5.851090971631459,-2.339129878628636,169,3.5384615384615383
519658437,technology science and research,1,-1.4488052530616413,0.2580770355841173,16,3.75
529912387,e-commerce,1,-2.8704955246047117,-1.3843319598984054,4,2.5
531083003,government and public services,1,-1.1754863600841254,0.3893211428254415,25,3.4
546358444,educational platforms,1,0.6767213397219337,-0.3373191781173669,49,3.857142857142857
581517740,technology science and research,1,-2.2872500654145544,0.28049050611567644,5,3.3333333333333335
587130571,e-commerce,1,-1.9651205168763708,1.5099693948181614,4,4.5
589105098,news and media,1,-1.6775775303308298,-0.7223388609853014,16,3.0
604991355,news and media,0,6.37582915487881,-0.021248095877510812,169,3.923076923076923
692205405,news and media,1,0.01839625476029442,2.2325202401082516,36,3.6666666666666665
702203214,government and public services,1,-2.0942532181692672,0.41658239336661457,9,3.6666666666666665
739443498,technology science and research,1,-1.0079994993917976,-0.7854429530687345,25,3.4
739501289,e-commerce,1,-0.37162723404916675,0.19815086560359632,36,3.5
775058569,government and public services,1,-1.5770316588846558,-0.5565170683575892,36,3.3333333333333335
805430153,news and media,0,1.7274203203714675,2.497708146084324,64,3.5
816887837,technology science and research,1,-0.6387849191148245,0.741119245234143,36,4.166666666666667
841418439,e-commerce,1,0.8402966894141954,0.013022606386923246,64,3.5
848513793,government and public services,0,4.010453234363841,-0.9528561163395922,121,3.909090909090909
853326546,technology science and research,1,-2.304332398363549,0.28417316776203216,5,3.3333333333333335
901536746,streaming platforms,1,-1.2203842631925312,-0.00024574473444920436,16,3.75
944160244,government and public services,0,2.6072932846497316,2.6312114255369146,81,3.888888888888889
997556472,government and public services,1,-1.6986112505347004,-0.832669929563392,16,3.25
1023432310,technology science and research,0,2.790055822974724,-0.5719336347883188,81,3.4444444444444446
1028755231,technology science and research,0,1.8275836175272973,1.0596062071958134,64,3.625
1036859048,government and public services,1,-1.0891094095547311,-0.6899153386576133,25,3.2
1041759486,news and media,1,-0.12529648641589816,0.3802229613846479,36,3.8333333333333335
1058560753,technology science and research,1,-2.469227303324636,0.6634833556808106,1,4.0
1072199356,technology science and research,1,-2.7979188061894615,-0.9033903667046249,4,3.0
1083829665,e-commerce,1,-1.9300992800745014,0.3000332640092056,9,3.3333333333333335
1105435317,technology science and research,1,-2.1972399989677545,-0.6698849897940954,10,3.25
1112632392,e-commerce,0,6.266574444703818,1.720749820829955,169,3.8461538461538463
1115295724,news and media,0,1.6111504283078193,-0.9622557071579285,64,3.5
1161701424,government and public services,0,4.4984495761480785,-0.16431435743406983,169,3.3846153846153846
1248925021,streaming platforms,0,5.551961366706468,-0.20697447101258165,144,3.75
1253615845,technology science and research,1,-2.136440764366093,-0.15894660454915777,10,3.5
1266621207,technology science and research,1,-2.4564592081673,0.6614839807487769,2,4.0
1270397352,technology science and research,1,-2.8067577893599336,-0.8606573639816963,4,3.0
1344325832,technology science and research,0,1.199059669711335,0.8012995243334654,64,3.25
1373328769,streaming platforms,1,-1.9240439231222322,0.4225832377258418,16,3.5
1394450881,streaming platforms,1,-2.0437117480312725,0.23815651116202116,9,3.3333333333333335
1402472951,streaming platforms,1,-2.538441039803913,-1.0780147031601333,9,3.0
1433604318,news and media,1,1.0462444791632877,-1.7125727663953372,64,3.25
1472999600,streaming platforms,0,2.5591068990911316,1.6093542120824396,81,3.5555555555555554
1488388154,technology science and research,1,-1.8703730064516613,0.6071199130095238,9,4.0
1499175565,educational platforms,1,-2.2983650245580427,-0.6445890945926617,9,3.3333333333333335
1506920243,government and public services,1,-1.9802139012909408,-0.996868391368569,16,3.25
1521860334,government and public services,1,-1.5780433166905414,-1.1113633828967822,25,2.8
1539544757,technology science and research,1,-2.2455080452235623,-0.24063145250919138,9,3.0
1631804793,government and public services,1,0.7747800048421948,0.5757428566507128,64,3.75
1683921588,technology science and research,1,-2.0681527924187804,2.1036456134783523,1,5.0
1712224681,news and media,1,-1.3578095234946983,-0.01924734117749655,16,3.75
1746488226,streaming platforms,1,0.5831044076229437,1.5583353708745606,64,3.5
1767084624,streaming platforms,0,2.254055629636691,0.673652623648846,81,3.4444444444444446
1782594227,educational platforms,1,-2.7985321028838843,-0.8784771565117183,4,3.0
1822721092,streaming platforms,1,-1.182775855794747,0.7253383089697781,25,3.4
1850054633,technology science and research,0,2.1681066463197833,3.3433159355352875,81,4.111111111111111
1851235277,e-commerce,1,-0.8175135649982067,-0.07666715126188761,25,3.8
1856386766,educational platforms,0,4.823425416279634,-1.8989928714145508,144,4.0
1866132720,news and media,0,5.099724506639866,-1.5464758011401851,121,3.272727272727273
1885857067,streaming platforms,1,-1.564130279289754,-0.48746014956903816,16,3.25
1902084907,news and media,1,-0.9916029123525572,-0.2444578996536909,25,3.2
1930985973,educational platforms,1,0.7441128796876814,-0.10533901511675037,64,4.125
1950445330,government and public services,1,-2.133884197528037,0.2786435600263639,9,3.3333333333333335
1957689776,e-commerce,0,1.19467111220975,-0.9820263758386052,64,3.5
1963641873,health and wellness,1,-2.067680310984836,-0.6927900693526302,16,2.75
1966382623,news and media,0,3.1599826363164727,-0.8695900218200575,100,3.3
2001421671,educational platforms,0,6.47787151873447,-2.6068967453515275,225,3.4
2044150440,streaming platforms,1,-0.7238715831421,0.7159498131073231,25,3.6
2099407450,government and public services,1,-1.7962171046985336,-0.7907481014879569,16,3.25
2103007653,educational platforms,1,-1.9198438440889003,0.3324392510382075,9,3.6666666666666665
2128318591,government and public services,1,-2.807425141027782,-0.871249182352837,9,3.0
2176046364,technology science and research,1,-0.4069385384416311,-1.3019751778452089,49,3.7142857142857144
2178564963,e-commerce,1,-2.9825733126339435,-0.8209681032152132,1,3.0
2182179087,technology science and research,1,-2.533179876729823,-1.301509400638379,5,2.6666666666666665
2235305803,streaming platforms,1,-0.3737054529676586,-0.11902129963372997,36,3.5
2241802183,news and media,1,-1.304404066506328,1.254007077978061,16,3.75
2254872401,e-commerce,1,-1.0263692168678433,-0.03530918711496444,36,3.5
2279899774,government and public services,1,-1.0225324208093391,-0.6924116249499996,25,3.2
2344724610,technology science and research,1,-2.622050296350122,-0.5088590618974844,2,3.0
2421931133,educational platforms,1,-0.5317346425621814,0.20885850021783145,27,3.6
2459242315,streaming platforms,1,-1.477572605134623,-1.0344976478922032,25,3.4
2480140715,government and public services,1,-0.0838094014833595,-0.8817022927894888,49,3.0
2527413330,news and media,1,-1.032729280299836,-0.8397359177395596,25,3.4
2530989927,news and media,1,0.30079335594668366,-0.8867107359064081,49,3.5714285714285716
2542497289,news and media,1,-2.1177920653873596,-0.5003953480041229,16,3.5
2551766233,educational platforms,1,-1.9913056645090497,0.3435250957873687,9,3.6666666666666665
2561699022,government and public services,1,-2.2983650245580427,-0.6445890945926617,9,3.3333333333333335
2583591840,health and wellness,1,-2.087163036490862,-0.521440248238779,9,3.3333333333333335
2588940216,streaming platforms,1,-0.2412114029755335,0.9446111434906616,36,3.6666666666666665
2605949885,news and media,0,1.2153035475619596,0.015040270923687576,64,3.75
2644215829,government and public services,1,-0.926956118356173,-0.5651774769206331,25,3.6
2647735504,e-commerce,0,1.6992558637237967,1.4076657825468752,81,3.6666666666666665
2656435105,news and media,0,6.294896417653231,-0.6246183244160739,144,3.4166666666666665
2681794065,streaming platforms,0,3.8657996507863377,-1.4678492224277753,100,3.4
2761488864,streaming platforms,1,0.5553551148115614,0.8629282199201692,49,3.5714285714285716
2781254041,news and media,2,10.067964620630557,3.088147206842296,196,3.5714285714285716
2786295051,educational platforms,1,-1.154046276671256,0.8199709938024141,16,4.0
2797271121,educational platforms,1,0.05041279984814181,-0.3018883732737111,36,3.5
2839400116,educational platforms,1,0.4630938902044695,-0.9796590540134643,49,3.2857142857142856
2848237884,government and public services,1,-0.336080709277619,1.8405380577330728,36,3.6666666666666665
2853208851,streaming platforms,1,-1.5611437395854058,-0.22860332409178646,16,3.5
2937956084,streaming platforms,1,-2.9005844292444625,-1.4514911664479948,4,2.5
2973108458,news and media,1,-1.9331023188446081,0.3965387551226003,9,3.6666666666666665
2996541679,streaming platforms,1,-0.4273649452602697,1.4013096426565077,25,4.4
2998356382,news and media,1,-0.6130625329099221,-1.4916800699462107,36,2.8333333333333335
3038375729,technology science and research,0,1.5219787710234454,-1.296032419440408,64,3.875
3085396104,educational platforms,1,-2.0132387002238232,-0.8472426213848203,18,3.3333333333333335
3101899065,technology science and research,1,-2.450664178414201,0.660569480817274,3,4.0
3109021059,technology science and research,1,-2.2983650245580427,-0.6445890945926617,9,3.3333333333333335
3131917710,educational platforms,0,2.0572589602373803,0.11351153763446478,64,3.75
3150148978,e-commerce,1,-0.5543080971799814,-1.2588613616442765,36,3.3333333333333335
3176249728,streaming platforms,1,-1.4988270547698055,-0.5463468245200684,16,3.5
3221942806,technology science and research,1,-2.0157740904506,0.6663714876664242,9,4.0
3231484510,technology science and research,1,-0.486261704493266,-0.17697909985257762,36,3.6666666666666665
3257894929,streaming platforms,1,-0.9115406050297246,0.19812506150245082,25,3.6
3281832154,technology science and research,1,-1.030096957317977,-0.6786104462614132,25,3.4
3317334630,streaming platforms,1,-0.15418029895860363,-0.07967319760394877,36,3.8333333333333335
3374636661,news and media,0,2.9482370623851892,0.25258800196361847,81,3.4444444444444446
3377503893,educational platforms,1,-1.4654457501321403,0.3664149072178045,16,3.75
3472695288,government and public services,1,0.08848219357345694,-1.334355108209137,81,3.2222222222222223
3479547415,news and media,1,-0.6897756894900023,0.2885698113954278,25,3.8
3531794931,news and media,1,0.13976702687072512,-0.3466645900891225,36,3.5
3538180808,government and public services,1,-1.4988270547698055,-0.5463468245200684,16,3.5
3546013468,technology science and research,1,-2.469227303324636,0.6634833556808106,1,4.0
3548409958,technology science and research,1,-1.566799398043505,-0.3566913665831116,16,3.25
3562170487,streaming platforms,1,0.6388408118552389,-1.9270059997048274,64,2.75
3563193797,technology science and research,1,-1.6460087690610596,-0.3130753869627146,17,3.6
3629420269,educational platforms,1,-1.9300992800745014,0.3000332640092056,9,3.3333333333333335
3701517235,news and media,0,1.4872661624350598,0.03927738966720978,64,3.5
3731007183,educational platforms,0,0.9048858959495713,-0.21418706153828454,49,3.7142857142857144
3787975237,news and media,0,4.496137103036695,2.7245743275396235,121,3.8181818181818183
3805747062,streaming platforms,1,-2.0328024079339557,-0.8516441290025627,16,3.0
3838269417,technology science and research,1,0.9348087229705045,0.1303761177917583,49,4.0
3842572222,news and media,1,-2.431524232704022,-0.5066687415061395,4,3.0
3871549955,technology science and research,1,-1.9695035340597662,0.7414899758658607,5,3.6666666666666665
3876207056,government and public services,1,-2.469227303324636,0.6634833556808106,1,4.0
3900495188,educational platforms,1,-2.3393638187066585,0.04462808256180639,4,3.5
3936345126,news and media,0,1.8117241740507524,-1.2723197982613634,81,3.4444444444444446
3951256293,educational platforms,1,-1.281302904435982,0.6922705726100513,25,4.0
3962126274,e-commerce,1,-2.2983650245580427,-0.6445890945926617,9,3.3333333333333335
3962772074,technology science and research,1,-2.4564592081673,0.6614839807487769,2,4.0
3978893713,technology science and research,1,-2.539254752258711,0.07631245942564621,2,3.5
3996855574,educational platforms,1,-0.9989326191606204,-0.9464681171816469,25,3.2
4073569427,educational platforms,1,-2.9675288603140677,-0.7873884999404185,1,3.0
4078511185,government and public services,1,-0.8335045113919021,-1.3013268868040069,36,3.1666666666666665
4085447448,government and public services,1,-1.6259710095310598,-0.9847378182052454,25,3.0
4097069082,streaming platforms,1,-1.5607978275154215,-0.408386192772334,16,3.25
4113932095,educational platforms,1,0.11899680269237126,-0.8359626727418794,49,3.2857142857142856
4116548132,technology science and research,1,-2.469227303324636,0.6634833556808106,1,4.0
4157596408,news and media,1,-0.3859676152485042,0.3747051149007986,36,3.3333333333333335
4183809767,government and public services,1,-1.2519025012285403,0.05744777154580691,16,3.75
4224720555,e-commerce,0,2.892127394004716,-0.4346713550794687,100,4.0
4244958066,technology science and research,1,-2.1972399989677545,-0.6698849897940954,10,3.25
4246706624,news and media,1,-1.7243741228343619,-1.0806335016341002,25,3.4
4264400098,e-commerce,0,3.088653056084683,1.0595833838086315,100,4.0
4321301368,news and media,0,3.858937292053666,-1.6059207853394284,121,3.4545454545454546
4336372604,streaming platforms,1,-2.0576142561078585,-0.36607693490494414,16,3.5
4339903018,educational platforms,1,-0.5091849928621854,-1.229024429596018,49,3.4285714285714284
4355727937,streaming platforms,1,0.6363437582401805,0.3823541632260548,49,3.5714285714285716
4365991990,streaming platforms,0,3.262665356691515,-0.4075205200141959,100,4.0
4374409465,technology science and research,1,-1.6460087690610596,-0.3130753869627146,17,3.6
4391300162,e-commerce,1,-0.6999566355611564,0.5303810149908356,25,3.6
4456160312,e-commerce,1,-1.7338265216291888,0.41696925870405305,16,3.75
4473637646,educational platforms,1,0.4329721293085537,-1.2748348376161331,49,3.4285714285714284
4528812531,streaming platforms,1,-0.5223326235264246,0.5484676690955161,25,3.8
4643564980,technology science and research,1,-2.311305463767786,0.28525804276256284,5,3.3333333333333335
4710657151,technology science and research,1,-1.6788390269762035,0.6391762301042001,9,4.0
4751627646,government and public services,1,-2.469227303324636,0.6634833556808106,1,4.0
4763170911,technology science and research,0,1.9814238417295142,1.0713346871096703,64,3.875
4770170269,government and public services,0,5.786828177514659,-2.066311486579687,144,4.0
4781756887,educational platforms,0,1.6957610245832697,2.3692109676598965,64,3.75
4807426702,technology science and research,1,-2.828621007523635,-0.9456363630613077,4,3.0
4840230107,educational platforms,0,1.703564021310165,-0.45902457891561343,64,3.75
4841476546,educational platforms,1,-1.921171043689617,0.3754530337310973,9,3.6666666666666665
4843063990,government and public services,1,-2.469227303324636,0.6634833556808106,1,4.0
4872839958,streaming platforms,1,0.6404198193901475,-1.4780345714399823,49,3.2857142857142856
4888426482,news and media,0,9.119411042710693,-3.263245154151041,225,3.533333333333333
4912544535,educational platforms,3,28.065865356746723,-11.022766435243797,537,3.739130434782609
4925950366,e-commerce,0,0.8253159157197129,-0.6296107010007301,57,4.0
4927888957,educational platforms,1,-2.2983650245580427,-0.6445890945926617,9,3.3333333333333335
4970188583,technology science and research,1,-1.9300992800745014,0.3000332640092056,9,3.3333333333333335
4974750346,news and media,2,6.8790863240382,-0.22529147214254522,144,3.3333333333333335
5008414810,e-commerce,1,-0.028001813191243365,-0.0822701744297982,64,3.5
5052508376,educational platforms,1,0.7764594865902158,0.03370300579357258,64,3.25
5064908942,government and public services,1,-0.17578549140708497,-0.4627594898105827,49,3.2857142857142856
5100047719,news and media,1,-0.5495785444149491,-0.2686624105135212,36,3.3333333333333335
5108022623,news and media,1,-1.2787038523968133,0.09650176331725552,16,3.5
5117799549,e-commerce,0,5.001510786408385,-1.9982259860800078,144,3.5833333333333335
5138684180,technology science and research,2,12.655383088617729,1.1942352147767996,324,3.888888888888889
5151103662,technology science and research,1,-1.956088729307114,0.2235009715037756,10,3.75
5224083866,technology science and research,1,-1.9948849122471703,-0.7778303640956613,16,3.25
5256418738,e-commerce,1,-2.7985321028838843,-0.8784771565117183,4,3.0
5258548666,streaming platforms,1,-0.41041375922284756,-0.1268467923887308,36,3.6666666666666665
5263734580,technology science and research,0,1.764408792771019,-0.7648980510796589,64,3.5
5275238699,news and media,0,1.6826778866149144,0.16350445142620726,64,3.625
5316008758,government and public services,1,-0.581546905737008,-1.5012681429199404,36,2.8333333333333335
5318769506,news and media,1,-0.7487578968217701,0.3751364373251524,25,3.6
5350616698,technology science and research,0,0.9513874031741069,-0.3207859331613443,64,3.625
5351185237,e-commerce,1,-0.3614722117125314,-0.6871336646941972,49,3.5714285714285716
5356854547,government and public services,1,-2.3393638187066585,0.04462808256180639,4,3.5
5376893347,health and wellness,1,-2.1029208500773198,-0.5166462117519143,9,3.3333333333333335
5385474195,technology science and research,1,-1.476618811237081,0.33140894825069844,16,3.75
5418069070,e-commerce,1,0.48865751650917727,0.31058848919201787,49,3.7142857142857144
5419658127,educational platforms,0,8.050372131157646,-3.239879104145378,169,4.0
5424827103,educational platforms,1,-2.979521062920297,-0.7801704543718729,4,3.0
5439488327,government and public services,1,-1.3407996007446825,-1.2113656765857959,25,3.2
5477862853,educational platforms,1,0.7853793484505414,-0.12003955975226464,49,3.4285714285714284
5483640632,technology science and research,0,0.8902272885726049,-0.9254342804306711,64,3.5
5511408010,government and public services,1,-0.917140083122529,-0.5068208251422874,36,3.1666666666666665
5537562569,streaming platforms,1,-0.5247712753006984,1.2345913811947804,25,3.6
5627013288,educational platforms,0,2.646111768206904,-0.1840108696151336,81,3.3333333333333335
5627798358,news and media,0,1.27628899586788,0.6421578757207049,64,3.625
5653019337,technology science and research,1,0.9818202212494243,1.126571376181629,49,3.5714285714285716
5653366561,news and media,0,4.64728390878525,-2.5154291893217215,121,3.5454545454545454
5671992993,educational platforms,0,1.6300511850457768,-0.602441160746268,64,3.5
5794675406,news and media,1,-1.175733942880989,-1.3403346777244927,36,3.0
5827428762,educational platforms,1,-2.221304639136031,0.6704917472694579,4,4.0
5881075695,technology science and research,1,-2.088082981532496,-0.48407043294941926,9,3.3333333333333335
5921955571,news and media,0,3.025654497166286,-0.13084797912309595,100,3.3
5964897764,educational platforms,1,-1.966008031160092,2.0876506140220825,9,5.0
5992521276,news and media,0,1.7831635318952657,1.2832019738762674,64,3.875
6027797305,technology science and research,1,-0.6744177688958287,0.42225888124896943,25,4.2
6130539113,news and media,1,0.8147754106924453,-1.7691892221016259,64,3.0
6153424620,e-commerce,0,2.5732811060743197,-1.3741672586217342,81,4.0
6171806211,government and public services,1,-1.6763509369419844,-0.7721652813711144,16,3.0
6223584289,educational platforms,1,-0.9978026399013006,-0.6381186602791745,25,3.2
6234431059,streaming platforms,1,-0.2870548065453415,-0.6033779214982138,36,3.3333333333333335
6256204254,news and media,0,4.848818446333923,-1.691225696277963,121,3.4545454545454546
6323163136,educational platforms,1,-1.8613587515106784,1.507083116510158,4,4.5
6392990708,streaming platforms,1,-0.3318789369595541,-0.3743251257096123,36,3.0
6405568922,news and media,1,0.1607586489563133,0.4402580081270448,36,3.6666666666666665
6413090819,educational platforms,1,-1.8904683007157315,0.43797209734945625,9,3.6666666666666665
6465448582,e-commerce,1,-2.2983650245580427,-0.6445890945926617,9,3.3333333333333335
6479190649,news and media,0,4.345535776870885,-1.6763822282593093,121,3.1818181818181817
6479733415,streaming platforms,1,-0.7831946401257425,0.6735060837817407,25,4.0
6529673719,educational platforms,0,8.888754853097861,-2.8020761606024966,196,3.4285714285714284
6570560458,technology science and research,1,-2.064418474271949,1.5152214309527081,2,4.5
6579152806,technology science and research,1,-2.3393638187066585,0.04462808256180639,4,3.5
6654382965,news and media,2,13.0395054693976,-1.1039858825335658,256,3.625
6658823136,news and media,1,-0.05057384977397242,-0.03252869218086569,49,3.7142857142857144
6666281102,educational platforms,1,-1.1867310543891207,-1.1683218554378267,25,3.2
6699878654,news and media,0,1.9619604413272882,-0.40185281158775077,81,3.7777777777777777
6744278124,educational platforms,1,-1.5422158777670223,-0.2471726326962133,16,3.25
6768581677,educational platforms,1,-1.1708353884446518,-0.9844381421346529,25,3.0
6772200394,technology science and research,1,-2.2297148971561747,-0.7141499587959784,9,3.0
6786271985,educational platforms,1,0.7146506639418428,-0.9493066849611416,49,3.5714285714285716
6787611399,news and media,1,-2.1029208500773198,-0.5166462117519143,9,3.3333333333333335
6794078706,e-commerce,1,-2.2983650245580427,-0.6445890945926617,9,3.3333333333333335
6801509843,e-commerce,1,-1.5246323068765093,0.06921794357312272,16,3.25
6901236114,streaming platforms,1,-2.7985321028838843,-0.8784771565117183,4,3.0
6909367836,news and media,1,0.19782450315185282,-0.3245322580445128,49,3.2857142857142856
6933375342,e-commerce,1,-1.2203842631925312,-0.00024574473444920436,16,3.75
6976784819,e-commerce,0,6.027015151701681,-2.9188320191949977,169,3.3846153846153846
7014268699,technology science and research,1,-0.08964307535926391,-0.10180101386481348,36,3.6666666666666665
7024248304,technology science and research,1,-2.5350217559315293,-1.056079050851965,9,3.0
7056899377,technology science and research,0,1.1875968114753548,-0.2604217239920743,64,4.0
7100506634,educational platforms,1,-2.3393638187066585,0.04462808256180639,4,3.5
7124602025,news and media,0,3.987734040633121,0.0846451277323075,100,3.6
7151218343,government and public services,1,-1.726181034341956,1.0049271773708885,16,3.75
7169554469,news and media,0,3.4704654672788093,-2.373942623307861,121,3.4545454545454546
7201688552,news and media,1,-1.193135278011139,-0.8160012599632056,36,3.1666666666666665
7273535364,news and media,1,-0.6395314599418405,1.0888854661874285,25,3.8
7320503111,news and media,1,-1.193135278011139,-0.8160012599632056,36,3.1666666666666665
7343118135,streaming platforms,1,0.2003156199083841,-0.051788461427385406,36,4.0
7386667211,streaming platforms,1,-1.3139546041731858,1.0202166695226027,16,3.75
7423931758,government and public services,0,1.0784743853246752,0.8129525124757352,64,3.75
7443295495,streaming platforms,1,-2.221304639136031,0.6704917472694579,4,4.0
7450209543,government and public services,1,-2.1029208500773198,-0.5166462117519143,9,3.3333333333333335
7456807770,news and media,2,13.902237227262283,-3.9846626226960242,289,3.3529411764705883
7490807377,technology science and research,1,0.9818202212494243,1.126571376181629,49,3.5714285714285716
7561129082,streaming platforms,0,1.916419305222985,1.4505604747111678,81,3.5555555555555554
7585490098,technology science and research,1,-1.3345690339022562,0.37643346009786993,16,3.75
7596130808,news and media,1,-2.1029208500773198,-0.5166462117519143,9,3.3333333333333335
7604830192,e-commerce,1,0.5914304795973618,-0.07133309527706655,49,3.5714285714285716
7611853384,government and public services,1,-2.2086769573524045,-0.3762588908335907,9,3.3333333333333335
7632242029,technology science and research,1,-2.9675288603140677,-0.7873884999404185,1,3.0
7644158705,educational platforms,1,-1.9300992800745014,0.3000332640092056,9,3.3333333333333335
7669162755,streaming platforms,1,-0.6786647952887352,0.4760972671326636,25,3.6
7750001119,technology science and research,0,1.7085802572686508,-0.6185262663174422,81,4.0
7810794510,government and public services,1,-0.35869319955063683,0.5458253040629265,36,3.6666666666666665
7838382411,educational platforms,1,-2.3694527233464093,-0.022531123987782998,4,3.5
7874467996,streaming platforms,1,-0.6338473478027804,-0.7306258177218335,36,3.5
7908444877,e-commerce,0,2.4254565002484805,-1.067220754452398,81,3.5555555555555554
7918200647,streaming platforms,1,-1.7243741228343619,-1.0806335016341002,25,3.4
7928264163,news and media,0,1.707775444363505,-0.4381086401600829,81,3.4444444444444446
7943498338,streaming platforms,1,-1.453520988058085,0.047532176580049434,16,3.5
7947636348,government and public services,1,-1.188602371197799,-0.10107471719801474,25,3.4
7965215914,technology science and research,1,-2.304332398363549,0.28417316776203216,5,3.3333333333333335
8006238889,news and media,1,-2.245142682403978,0.4562309044605542,9,3.6666666666666665
8020577869,government and public services,1,0.5675077592729546,-0.5035628367711511,49,3.142857142857143
8047369079,news and media,0,4.9481283959505555,-4.129010021152577,121,3.090909090909091
8054950596,government and public services,1,-2.221304639136031,0.6704917472694579,4,4.0
8056970126,streaming platforms,0,2.4625076061052544,1.4825804522949284,81,3.6666666666666665
8066758432,streaming platforms,1,-2.9005844292444625,-1.4514911664479948,4,2.5
8085884109,government and public services,1,-2.2983650245580427,-0.6445890945926617,9,3.3333333333333335
8142768037,news and media,1,0.8454964484637826,-1.095671763257025,49,3.4285714285714284
8170624278,news and media,0,1.6466001436529005,-0.9217368166753283,64,3.375
8179331530,e-commerce,1,-2.1177920653873596,-0.5003953480041229,16,3.5
8185584488,educational platforms,1,-1.188602371197799,-0.10107471719801474,25,3.4
8244832401,educational platforms,2,9.243724279187179,-1.1248922234101413,171,3.923076923076923
8317483224,educational platforms,1,-2.029848506946772,2.0976474886822514,4,5.0
8325352647,government and public services,1,-2.2983650245580427,-0.6445890945926617,9,3.3333333333333335
8352230246,technology science and research,1,-2.539254752258711,0.07631245942564621,2,3.5
8420224297,technology science and research,0,1.063464831290516,0.42697996436045166,64,4.0
8437119697,technology science and research,1,-0.6994842130431937,0.6085239553002223,25,4.0
8454429618,government and public services,1,-2.469227303324636,0.6634833556808106,1,4.0
8491823152,educational platforms,2,13.193536624055877,-1.378823701013419,289,3.8823529411764706
8562170592,streaming platforms,1,-1.9802139012909408,-0.996868391368569,16,3.25
8589605512,technology science and research,1,-2.4564592081673,0.6614839807487769,2,4.0
8602576754,technology science and research,1,-1.7243741228343619,-1.0806335016341002,25,3.4
8613910382,educational platforms,0,2.2630664894169774,-0.26536760798076553,81,3.3333333333333335
8616262877,technology science and research,1,-2.828621007523635,-0.9456363630613077,4,3.0
8649911099,educational platforms,1,-1.8974096705144234,0.6078407516380372,9,4.0
8654682977,educational platforms,1,0.7000067609962726,-0.16268735186185376,49,3.4285714285714284
8697981092,government and public services,1,0.1875397372297657,-0.5897193646822987,49,3.2857142857142856
8727933125,streaming platforms,0,4.2895867847560165,-2.133350624620557,100,3.7
8728895407,government and public services,1,-2.807425141027782,-0.871249182352837,9,3.0
8734339493,government and public services,1,-1.3178712435610387,-0.044208698431076277,16,3.5
8773059234,educational platforms,1,-0.2780553502569525,1.4957629683880311,36,3.5
8774465854,educational platforms,1,-0.1460930820417488,0.39561612514990013,36,4.0
8791766791,news and media,0,2.2081192120327238,-1.8238631880347482,81,3.2222222222222223
8818139023,streaming platforms,1,-0.4611708608266269,0.8875399538976111,25,4.0
8818878279,government and public services,1,-0.4086451418232617,-1.1935757525957926,49,3.0
8854230542,government and public services,1,-2.0974184724764635,-0.5538462352677809,9,3.0
8866935042,streaming platforms,1,-2.075649934816774,-1.3832986205575122,16,2.75
8873477499,government and public services,1,-1.6242929752861426,0.6395047518444701,16,3.75
8883634268,educational platforms,1,-1.927299388586889,0.5735995356738556,9,3.3333333333333335
8918898275,government and public services,1,-0.6788511978608953,-0.4743931387654663,36,3.5
8921344296,streaming platforms,0,4.168680981431918,-1.9514530548838285,100,4.0
8958991169,technology science and research,0,2.762839464819389,-0.6869418193899236,81,3.6666666666666665
8987402778,news and media,0,1.2071786432023202,-1.191383948571936,64,3.625
9040720038,government and public services,1,-1.695278798760368,-0.7535959727666879,16,3.25
9053765347,e-commerce,1,-1.3535782116841586,0.7899036030655833,16,4.0
9055889873,e-commerce,1,-2.2983650245580427,-0.6445890945926617,9,3.3333333333333335
9073219799,technology science and research,1,0.28386297326449844,-0.07435432307137575,36,4.166666666666667
9115778574,government and public services,1,-2.3595664215871155,-0.33661037973965113,9,3.3333333333333335
9136224526,government and public services,1,-2.0016379547168697,-0.45191169179870927,16,3.25
9219227082,technology science and research,1,-2.469227303324636,0.6634833556808106,1,4.0
9319730542,e-commerce,1,-0.1769789214352239,0.5645609204380316,49,3.0
9322041267,government and public services,1,-1.7767809609817438,0.2229456375426487,16,3.75
9364906934,streaming platforms,1,-2.3694527233464093,-0.022531123987782998,4,3.5
9394068939,government and public services,1,-1.1077107149784777,-0.020636041631761363,36,3.0
9402057227,technology science and research,1,-2.469227303324636,0.6634833556808106,1,4.0
9458755226,news and media,1,-0.532227557708088,0.8184843835195177,25,4.0
9503543617,news and media,0,1.320208001431851,-1.3409822255361836,81,3.4444444444444446
9513728892,educational platforms,1,-1.7984692102433575,-1.6191165862118515,16,2.75
9533668246,streaming platforms,0,5.0367934088712465,-1.4326124417324015,169,3.3076923076923075
9637552863,technology science and research,1,-2.1029208500773198,-0.5166462117519143,9,3.3333333333333335
9645471193,government and public services,1,-1.7970220234668939,-0.19548642445061432,16,3.5
9684391649,streaming platforms,0,2.4764421335128803,0.013950214748153824,81,3.6666666666666665
9727821720,news and media,1,0.11081362681355844,-0.1319712872454095,49,3.5714285714285716
9752502690,news and media,0,2.3959514548613785,-1.4779961345791701,81,3.2222222222222223
9777365068,government and public services,1,-2.469227303324636,0.6634833556808106,1,4.0
9777552764,educational platforms,0,2.5591621309172194,-0.04037756323738117,81,3.7777777777777777
9815980762,e-commerce,0,5.770310035090531,-2.841259462768881,144,3.5833333333333335
9817868776,educational platforms,1,0.22199420030778813,-0.4521784267456984,49,3.5714285714285716
9869898930,streaming platforms,1,-0.5742817519382771,-0.5308480599063956,36,3.5
9883619995,streaming platforms,0,3.1988745999570147,-2.357086557941409,100,3.5
9915679548,technology science and research,0,0.9281053829245829,-0.36196478670174487,49,3.5714285714285716
9936752400,government and public services,0,2.3140275953859972,-1.632049456214525,121,3.363636363636364
9990083020,technology science and research,1,-2.1029208500773198,-0.5166462117519143,9,3.3333333333333335
9990906928,educational platforms,1,-2.3392936348871767,0.3047814485857783,4,3.5
9995023032,streaming platforms,0,0.6753870837700181,-1.1417658016526824,49,3.5714285714285716
9995178363,technology science and research,0,2.9133082596434114,-1.4913036488638518,100,3.6
