web_URL_id,violation_count_sum,violation_score_mean,violation_score_median,violation_score_max,domain_category,layout,semantic,syntax,vio_aria-allowed-attr,vio_aria-allowed-role,vio_aria-required-children,vio_aria-valid-attr-value,vio_button-name,vio_color-contrast,vio_color-contrast-enhanced,vio_duplicate-id,vio_duplicate-id-active,vio_duplicate-id-aria,vio_empty-heading,vio_frame-title,vio_heading-order,vio_html-has-lang,vio_image-alt,vio_image-redundant-alt,vio_landmark-one-main,vio_landmark-unique,vio_link-name,vio_list,vio_meta-viewport,vio_nested-interactive,vio_page-has-heading-one,vio_region,vio_scrollable-region-focusable
16,1,4.0,4.0,4,government and public services,1,0,0,0.0,0.0,0.0,0.0,0.0,0.0,1.0,0.0,0.0,0.0,0.0,0.0,0.0,0.0,0.0,0.0,0.0,0.0,0.0,0.0,0.0,0.0,0.0,0.0,0.0
17,16,3.25,3.0,4,government and public services,4,0,12,0.0,0.0,0.0,0.0,0.0,0.0,4.0,0.0,0.0,0.0,0.0,0.0,0.0,0.0,0.0,0.0,0.0,4.0,0.0,0.0,0.0,0.0,0.0,0.0,0.0
20,9,3.0,3.0,4,government and public services,3,0,6,0.0,0.0,0.0,0.0,0.0,0.0,3.0,3.0,0.0,0.0,0.0,0.0,3.0,0.0,0.0,0.0,0.0,0.0,0.0,0.0,0.0,0.0,0.0,0.0,0.0
21,49,3.5714285714285716,4.0,5,news and media,7,0,42,0.0,0.0,0.0,0.0,0.0,0.0,7.0,7.0,7.0,7.0,0.0,0.0,0.0,0.0,0.0,0.0,0.0,0.0,7.0,0.0,0.0,0.0,0.0,7.0,7.0
26,49,4.0,4.0,5,news and media,14,0,35,0.0,0.0,0.0,7.0,0.0,7.0,7.0,0.0,0.0,0.0,0.0,0.0,7.0,0.0,7.0,0.0,0.0,0.0,7.0,0.0,0.0,0.0,0.0,7.0,0.0
27,16,3.25,3.0,4,news and media,4,0,12,0.0,0.0,0.0,0.0,0.0,0.0,4.0,0.0,0.0,0.0,0.0,0.0,0.0,0.0,0.0,0.0,4.0,0.0,0.0,0.0,0.0,0.0,4.0,4.0,0.0
28,36,3.0,3.0,4,news and media,6,0,30,0.0,0.0,0.0,0.0,0.0,0.0,6.0,6.0,0.0,0.0,0.0,0.0,6.0,0.0,0.0,0.0,0.0,6.0,0.0,0.0,0.0,0.0,6.0,6.0,0.0
30,49,3.2857142857142856,3.0,5,news and media,7,0,42,0.0,7.0,0.0,0.0,0.0,0.0,7.0,0.0,0.0,7.0,0.0,0.0,0.0,0.0,0.0,0.0,0.0,7.0,0.0,0.0,0.0,0.0,7.0,7.0,0.0
33,16,4.5,4.5,5,e-commerce,4,0,12,4.0,0.0,0.0,0.0,4.0,0.0,4.0,0.0,0.0,0.0,0.0,0.0,0.0,0.0,0.0,0.0,0.0,0.0,4.0,0.0,0.0,0.0,0.0,0.0,0.0
35,100,3.5,3.5,5,e-commerce,20,0,80,0.0,0.0,0.0,0.0,0.0,10.0,10.0,10.0,10.0,0.0,0.0,0.0,10.0,0.0,10.0,0.0,10.0,10.0,10.0,0.0,0.0,0.0,0.0,10.0,0.0
38,25,3.4,3.0,4,e-commerce,0,0,25,0.0,0.0,0.0,0.0,0.0,0.0,0.0,0.0,0.0,0.0,0.0,0.0,0.0,5.0,0.0,0.0,5.0,0.0,0.0,0.0,0.0,0.0,5.0,5.0,0.0
51,4,3.5,3.5,4,technology science and research,2,0,2,0.0,0.0,0.0,0.0,0.0,0.0,2.0,0.0,0.0,0.0,0.0,0.0,2.0,0.0,0.0,0.0,0.0,0.0,0.0,0.0,0.0,0.0,0.0,0.0,0.0
52,16,3.0,3.0,4,technology science and research,0,0,16,0.0,0.0,0.0,0.0,0.0,0.0,0.0,4.0,0.0,0.0,0.0,0.0,0.0,0.0,0.0,0.0,0.0,4.0,0.0,0.0,0.0,0.0,0.0,4.0,0.0
58,4,3.0,3.0,3,technology science and research,0,0,4,0.0,0.0,0.0,0.0,0.0,0.0,0.0,0.0,0.0,0.0,0.0,0.0,0.0,0.0,0.0,0.0,2.0,0.0,0.0,0.0,0.0,0.0,0.0,2.0,0.0
64,81,3.3333333333333335,3.0,5,educational platforms,18,0,63,0.0,0.0,0.0,0.0,0.0,9.0,9.0,9.0,0.0,0.0,9.0,0.0,9.0,0.0,9.0,0.0,9.0,0.0,0.0,0.0,0.0,0.0,0.0,9.0,0.0
65,25,3.8,4.0,5,educational platforms,15,0,10,0.0,0.0,0.0,0.0,0.0,5.0,5.0,0.0,0.0,0.0,0.0,0.0,5.0,0.0,0.0,0.0,0.0,0.0,0.0,0.0,5.0,0.0,0.0,5.0,0.0
68,9,3.3333333333333335,4.0,4,educational platforms,3,0,6,0.0,0.0,0.0,0.0,0.0,0.0,3.0,3.0,0.0,0.0,0.0,0.0,0.0,0.0,0.0,0.0,0.0,0.0,0.0,0.0,0.0,0.0,0.0,0.0,0.0
77,121,3.6363636363636362,3.0,5,government and public services,22,0,99,11.0,0.0,0.0,0.0,0.0,11.0,11.0,0.0,0.0,0.0,0.0,0.0,0.0,0.0,11.0,0.0,11.0,11.0,11.0,0.0,0.0,0.0,11.0,11.0,0.0
81,1,4.0,4.0,4,government and public services,1,0,0,0.0,0.0,0.0,0.0,0.0,0.0,1.0,0.0,0.0,0.0,0.0,0.0,0.0,0.0,0.0,0.0,0.0,0.0,0.0,0.0,0.0,0.0,0.0,0.0,0.0
93,16,3.5,3.5,4,e-commerce,8,0,8,0.0,0.0,0.0,0.0,0.0,4.0,4.0,0.0,0.0,0.0,0.0,0.0,0.0,0.0,0.0,0.0,0.0,0.0,0.0,0.0,0.0,0.0,0.0,4.0,0.0
95,16,2.75,2.5,4,e-commerce,4,0,12,0.0,0.0,0.0,0.0,0.0,0.0,4.0,4.0,0.0,0.0,0.0,0.0,0.0,0.0,0.0,0.0,0.0,0.0,0.0,0.0,0.0,0.0,0.0,4.0,0.0
96,25,3.0,3.0,4,e-commerce,0,0,25,0.0,0.0,0.0,0.0,0.0,0.0,0.0,5.0,0.0,0.0,0.0,0.0,0.0,0.0,0.0,5.0,0.0,5.0,0.0,5.0,0.0,0.0,0.0,0.0,0.0
97,64,3.625,3.5,5,e-commerce,8,0,56,0.0,0.0,0.0,0.0,8.0,0.0,8.0,0.0,0.0,0.0,0.0,0.0,8.0,0.0,0.0,0.0,8.0,0.0,8.0,8.0,0.0,0.0,0.0,8.0,8.0
105,4,3.5,3.5,4,streaming platforms,2,0,2,0.0,0.0,0.0,0.0,0.0,0.0,2.0,0.0,0.0,0.0,0.0,0.0,0.0,0.0,0.0,0.0,0.0,0.0,0.0,0.0,0.0,0.0,0.0,2.0,0.0
107,4,2.5,2.5,3,health and wellness,0,0,4,0.0,0.0,0.0,0.0,0.0,0.0,0.0,0.0,0.0,0.0,0.0,0.0,0.0,0.0,0.0,2.0,0.0,0.0,0.0,0.0,0.0,0.0,2.0,0.0,0.0
108,64,3.875,4.0,5,health and wellness,16,0,48,0.0,0.0,0.0,0.0,8.0,8.0,8.0,0.0,0.0,0.0,0.0,0.0,0.0,0.0,8.0,0.0,0.0,8.0,8.0,0.0,0.0,0.0,0.0,8.0,8.0
109,4,3.0,3.0,3,health and wellness,0,0,4,0.0,0.0,0.0,0.0,0.0,0.0,0.0,0.0,0.0,0.0,0.0,0.0,2.0,0.0,0.0,0.0,0.0,2.0,0.0,0.0,0.0,0.0,0.0,0.0,0.0
111,16,3.5,3.5,4,health and wellness,8,0,8,0.0,0.0,0.0,0.0,0.0,4.0,4.0,0.0,0.0,0.0,0.0,0.0,0.0,0.0,0.0,0.0,0.0,0.0,0.0,0.0,0.0,0.0,0.0,4.0,4.0
112,4,4.0,4.0,4,health and wellness,4,0,0,0.0,0.0,0.0,0.0,0.0,2.0,2.0,0.0,0.0,0.0,0.0,0.0,0.0,0.0,0.0,0.0,0.0,0.0,0.0,0.0,0.0,0.0,0.0,0.0,0.0
113,49,3.4285714285714284,3.0,4,health and wellness,14,0,35,0.0,0.0,0.0,0.0,0.0,7.0,7.0,0.0,0.0,0.0,0.0,0.0,7.0,0.0,0.0,0.0,0.0,7.0,7.0,0.0,0.0,0.0,0.0,0.0,0.0
119,25,3.2,3.0,4,technology science and research,5,0,20,0.0,0.0,0.0,0.0,0.0,0.0,5.0,5.0,0.0,0.0,0.0,0.0,0.0,0.0,0.0,0.0,0.0,5.0,0.0,0.0,0.0,0.0,5.0,0.0,0.0
120,64,3.75,4.0,5,technology science and research,16,0,48,0.0,0.0,0.0,0.0,0.0,8.0,8.0,0.0,8.0,0.0,0.0,0.0,0.0,0.0,0.0,0.0,8.0,0.0,8.0,0.0,0.0,0.0,8.0,8.0,0.0
122,36,3.8333333333333335,4.0,5,technology science and research,18,0,18,0.0,0.0,0.0,0.0,6.0,6.0,6.0,6.0,0.0,0.0,0.0,6.0,0.0,0.0,0.0,0.0,0.0,0.0,0.0,0.0,0.0,0.0,0.0,0.0,0.0
123,64,3.875,3.5,5,technology science and research,8,0,56,8.0,0.0,8.0,0.0,8.0,0.0,8.0,0.0,0.0,0.0,0.0,0.0,8.0,0.0,0.0,0.0,0.0,8.0,0.0,0.0,0.0,0.0,8.0,8.0,0.0
124,25,3.8,4.0,5,technology science and research,5,0,20,0.0,0.0,0.0,0.0,0.0,0.0,5.0,0.0,0.0,0.0,0.0,0.0,0.0,0.0,5.0,0.0,0.0,0.0,5.0,0.0,0.0,0.0,5.0,5.0,0.0
169,49,3.5714285714285716,3.0,5,educational platforms,14,0,35,0.0,0.0,0.0,0.0,0.0,0.0,7.0,7.0,0.0,0.0,0.0,0.0,7.0,0.0,0.0,0.0,7.0,0.0,0.0,0.0,7.0,0.0,0.0,7.0,0.0
180,9,4.333333333333333,4.0,5,government and public services,3,0,6,0.0,0.0,0.0,0.0,0.0,0.0,3.0,0.0,3.0,0.0,0.0,0.0,0.0,0.0,3.0,0.0,0.0,0.0,0.0,0.0,0.0,0.0,0.0,0.0,0.0
186,9,3.3333333333333335,4.0,4,news and media,3,0,6,0.0,0.0,0.0,0.0,0.0,0.0,3.0,3.0,0.0,0.0,0.0,0.0,0.0,0.0,0.0,0.0,0.0,0.0,3.0,0.0,0.0,0.0,0.0,0.0,0.0
189,169,3.6923076923076925,4.0,5,news and media,13,0,156,13.0,0.0,0.0,0.0,0.0,0.0,13.0,13.0,13.0,13.0,0.0,0.0,13.0,0.0,13.0,0.0,0.0,13.0,13.0,0.0,0.0,13.0,0.0,13.0,13.0
204,196,3.7857142857142856,4.0,5,streaming platforms,56,0,140,0.0,0.0,14.0,0.0,14.0,14.0,14.0,14.0,0.0,0.0,0.0,14.0,14.0,0.0,0.0,0.0,0.0,14.0,14.0,0.0,14.0,0.0,14.0,0.0,0.0
215,4,3.0,3.0,4,health and wellness,2,0,2,0.0,0.0,0.0,0.0,0.0,0.0,2.0,2.0,0.0,0.0,0.0,0.0,0.0,0.0,0.0,0.0,0.0,0.0,0.0,0.0,0.0,0.0,0.0,0.0,0.0
216,4,3.5,3.5,4,health and wellness,2,0,2,0.0,0.0,0.0,0.0,0.0,0.0,2.0,0.0,0.0,0.0,0.0,0.0,0.0,0.0,0.0,0.0,0.0,0.0,0.0,0.0,0.0,0.0,0.0,2.0,0.0
223,49,4.142857142857143,4.0,5,technology science and research,14,0,35,0.0,0.0,0.0,0.0,7.0,7.0,7.0,0.0,0.0,0.0,0.0,0.0,0.0,0.0,7.0,0.0,0.0,0.0,7.0,0.0,0.0,0.0,7.0,0.0,0.0
225,9,3.6666666666666665,4.0,4,technology science and research,6,0,3,0.0,0.0,0.0,0.0,0.0,3.0,3.0,0.0,0.0,0.0,0.0,0.0,3.0,0.0,0.0,0.0,0.0,0.0,0.0,0.0,0.0,0.0,0.0,0.0,0.0
226,49,3.7142857142857144,4.0,5,technology science and research,21,0,28,0.0,0.0,0.0,0.0,0.0,7.0,7.0,0.0,0.0,0.0,0.0,0.0,0.0,0.0,0.0,0.0,7.0,0.0,7.0,0.0,7.0,0.0,7.0,7.0,0.0
232,36,3.5,4.0,4,e-commerce,12,0,24,0.0,0.0,0.0,0.0,0.0,6.0,6.0,6.0,0.0,0.0,0.0,0.0,0.0,0.0,0.0,0.0,0.0,6.0,6.0,0.0,0.0,0.0,0.0,0.0,0.0
234,16,3.75,4.0,4,technology science and research,8,0,8,0.0,0.0,0.0,0.0,0.0,4.0,4.0,0.0,0.0,0.0,0.0,0.0,0.0,0.0,0.0,0.0,0.0,0.0,0.0,0.0,0.0,0.0,0.0,4.0,0.0
236,4,3.0,3.0,3,technology science and research,0,0,4,0.0,0.0,0.0,0.0,0.0,0.0,0.0,0.0,0.0,0.0,0.0,0.0,0.0,0.0,0.0,0.0,2.0,0.0,0.0,0.0,0.0,0.0,0.0,2.0,0.0
239,1,3.0,3.0,3,health and wellness,0,0,1,0.0,0.0,0.0,0.0,0.0,0.0,0.0,0.0,0.0,0.0,0.0,0.0,0.0,0.0,0.0,0.0,0.0,0.0,0.0,0.0,0.0,0.0,1.0,0.0,0.0
244,49,3.2857142857142856,3.0,4,educational platforms,14,0,35,0.0,0.0,0.0,0.0,0.0,7.0,7.0,7.0,0.0,0.0,0.0,0.0,7.0,0.0,0.0,0.0,7.0,0.0,7.0,0.0,0.0,0.0,0.0,7.0,0.0
249,49,3.4285714285714284,4.0,5,educational platforms,14,0,35,7.0,0.0,0.0,0.0,0.0,7.0,7.0,0.0,7.0,0.0,7.0,0.0,7.0,0.0,0.0,0.0,0.0,0.0,0.0,0.0,0.0,0.0,0.0,0.0,0.0
250,1,3.0,3.0,3,educational platforms,0,0,1,0.0,0.0,0.0,0.0,0.0,0.0,0.0,0.0,0.0,0.0,0.0,0.0,1.0,0.0,0.0,0.0,0.0,0.0,0.0,0.0,0.0,0.0,0.0,0.0,0.0
252,121,3.3636363636363638,3.0,5,educational platforms,22,0,99,0.0,0.0,0.0,0.0,0.0,11.0,11.0,11.0,0.0,0.0,0.0,0.0,11.0,0.0,11.0,0.0,11.0,11.0,11.0,0.0,0.0,0.0,0.0,11.0,0.0
255,9,3.3333333333333335,3.0,4,educational platforms,0,0,9,0.0,0.0,0.0,0.0,0.0,0.0,0.0,0.0,0.0,0.0,0.0,0.0,0.0,3.0,0.0,0.0,3.0,0.0,0.0,0.0,0.0,0.0,0.0,3.0,0.0
256,64,3.75,3.5,5,educational platforms,24,0,40,0.0,0.0,0.0,0.0,8.0,8.0,8.0,0.0,0.0,0.0,0.0,0.0,8.0,0.0,0.0,0.0,8.0,0.0,0.0,0.0,8.0,0.0,8.0,8.0,0.0
257,64,3.625,4.0,5,educational platforms,8,0,56,0.0,0.0,0.0,0.0,0.0,0.0,8.0,0.0,0.0,0.0,8.0,0.0,0.0,0.0,8.0,0.0,0.0,8.0,8.0,8.0,0.0,0.0,0.0,0.0,0.0
258,36,4.0,4.0,5,educational platforms,12,0,24,0.0,0.0,6.0,0.0,0.0,6.0,6.0,6.0,0.0,0.0,0.0,0.0,0.0,0.0,0.0,0.0,0.0,0.0,0.0,0.0,0.0,6.0,0.0,0.0,0.0
259,25,3.6,4.0,5,educational platforms,10,0,15,5.0,0.0,0.0,0.0,0.0,5.0,5.0,5.0,0.0,0.0,0.0,0.0,0.0,0.0,0.0,0.0,0.0,0.0,0.0,0.0,0.0,0.0,0.0,5.0,0.0
263,25,3.6,4.0,4,educational platforms,5,0,20,0.0,0.0,0.0,0.0,0.0,0.0,0.0,0.0,0.0,0.0,0.0,5.0,0.0,5.0,0.0,0.0,5.0,0.0,0.0,0.0,0.0,0.0,5.0,0.0,0.0
266,4,3.5,3.5,4,government and public services,2,0,2,0.0,0.0,0.0,0.0,0.0,0.0,2.0,0.0,0.0,0.0,0.0,0.0,0.0,0.0,0.0,0.0,0.0,0.0,0.0,0.0,0.0,0.0,0.0,2.0,0.0
268,4,3.5,3.5,4,government and public services,2,0,2,0.0,0.0,0.0,0.0,0.0,0.0,2.0,0.0,0.0,0.0,0.0,0.0,0.0,0.0,0.0,0.0,0.0,0.0,0.0,0.0,0.0,0.0,0.0,2.0,0.0
270,9,3.0,3.0,4,government and public services,3,0,6,0.0,3.0,0.0,0.0,0.0,0.0,3.0,0.0,0.0,0.0,0.0,0.0,0.0,0.0,0.0,0.0,0.0,0.0,0.0,0.0,0.0,0.0,0.0,3.0,0.0
274,16,2.75,3.0,3,government and public services,0,0,16,0.0,0.0,0.0,0.0,0.0,0.0,0.0,0.0,0.0,0.0,0.0,0.0,4.0,0.0,0.0,4.0,4.0,0.0,0.0,0.0,0.0,0.0,0.0,4.0,0.0
275,36,3.6666666666666665,3.5,5,government and public services,0,0,36,0.0,0.0,0.0,0.0,0.0,0.0,0.0,0.0,0.0,0.0,0.0,0.0,0.0,6.0,6.0,0.0,6.0,0.0,0.0,0.0,0.0,0.0,6.0,6.0,0.0
276,9,3.3333333333333335,3.0,4,government and public services,3,0,6,0.0,0.0,0.0,0.0,0.0,0.0,3.0,0.0,0.0,0.0,0.0,0.0,0.0,0.0,0.0,0.0,0.0,0.0,0.0,0.0,0.0,0.0,3.0,3.0,0.0
281,64,3.625,4.0,5,news and media,24,0,40,0.0,0.0,0.0,0.0,8.0,8.0,8.0,8.0,0.0,0.0,0.0,8.0,0.0,0.0,0.0,0.0,0.0,8.0,0.0,0.0,0.0,0.0,0.0,8.0,0.0
286,196,3.5714285714285716,3.5,5,news and media,42,0,154,0.0,0.0,0.0,14.0,14.0,14.0,14.0,14.0,0.0,14.0,14.0,14.0,0.0,0.0,0.0,0.0,14.0,14.0,14.0,0.0,0.0,0.0,14.0,14.0,14.0
298,49,3.0,3.0,4,e-commerce,14,0,35,0.0,0.0,0.0,0.0,0.0,0.0,7.0,0.0,0.0,0.0,7.0,0.0,0.0,0.0,0.0,0.0,0.0,7.0,0.0,0.0,0.0,0.0,0.0,7.0,7.0
301,100,3.4,3.0,5,streaming platforms,10,0,90,10.0,10.0,0.0,0.0,0.0,0.0,10.0,0.0,0.0,0.0,0.0,0.0,10.0,0.0,0.0,0.0,0.0,10.0,0.0,10.0,0.0,0.0,10.0,10.0,0.0
305,16,3.5,3.5,4,streaming platforms,8,0,8,0.0,0.0,0.0,0.0,0.0,4.0,4.0,0.0,0.0,0.0,0.0,0.0,0.0,0.0,0.0,0.0,0.0,0.0,0.0,0.0,0.0,0.0,4.0,4.0,0.0
309,9,2.6666666666666665,2.0,4,streaming platforms,3,0,6,0.0,3.0,0.0,0.0,0.0,0.0,3.0,3.0,0.0,0.0,0.0,0.0,0.0,0.0,0.0,0.0,0.0,0.0,0.0,0.0,0.0,0.0,0.0,0.0,0.0
312,16,3.0,3.0,4,health and wellness,4,0,12,0.0,0.0,0.0,0.0,0.0,0.0,4.0,0.0,0.0,0.0,0.0,0.0,0.0,0.0,0.0,4.0,0.0,0.0,0.0,0.0,0.0,0.0,4.0,4.0,0.0
313,16,3.5,3.5,4,health and wellness,8,0,8,0.0,0.0,0.0,0.0,0.0,4.0,4.0,0.0,0.0,0.0,0.0,0.0,0.0,0.0,0.0,0.0,0.0,4.0,0.0,0.0,0.0,0.0,0.0,4.0,0.0
316,25,3.6,4.0,4,health and wellness,10,0,15,0.0,0.0,0.0,0.0,0.0,5.0,5.0,0.0,0.0,0.0,0.0,0.0,0.0,0.0,0.0,0.0,0.0,5.0,5.0,0.0,0.0,0.0,5.0,0.0,0.0
318,225,3.8,4.0,5,health and wellness,30,0,195,15.0,0.0,15.0,15.0,0.0,15.0,15.0,0.0,0.0,15.0,0.0,0.0,15.0,0.0,0.0,0.0,15.0,15.0,15.0,0.0,0.0,15.0,15.0,15.0,0.0
319,36,3.5,3.0,5,health and wellness,6,0,30,0.0,0.0,0.0,0.0,0.0,0.0,6.0,0.0,0.0,0.0,0.0,0.0,6.0,0.0,6.0,0.0,6.0,6.0,0.0,0.0,0.0,0.0,0.0,6.0,0.0
326,49,3.857142857142857,4.0,5,technology science and research,21,0,28,0.0,0.0,0.0,0.0,0.0,7.0,7.0,0.0,0.0,0.0,0.0,0.0,7.0,0.0,0.0,0.0,0.0,7.0,0.0,0.0,7.0,0.0,0.0,0.0,0.0
331,25,3.4,3.0,4,educational platforms,10,0,15,0.0,0.0,0.0,0.0,0.0,5.0,5.0,0.0,0.0,0.0,0.0,0.0,0.0,0.0,0.0,0.0,0.0,5.0,0.0,0.0,0.0,0.0,5.0,0.0,0.0
335,9,3.0,3.0,3,government and public services,0,0,9,0.0,0.0,0.0,0.0,0.0,0.0,0.0,0.0,0.0,0.0,0.0,0.0,0.0,0.0,0.0,0.0,0.0,3.0,0.0,0.0,0.0,0.0,0.0,0.0,0.0
337,36,3.6666666666666665,4.0,5,government and public services,12,0,24,0.0,0.0,0.0,0.0,6.0,6.0,6.0,6.0,0.0,0.0,0.0,0.0,0.0,0.0,0.0,0.0,0.0,0.0,6.0,0.0,0.0,0.0,6.0,0.0,0.0
343,25,3.4,3.0,4,news and media,0,0,25,0.0,0.0,0.0,0.0,0.0,0.0,0.0,0.0,0.0,0.0,0.0,0.0,0.0,5.0,0.0,0.0,5.0,0.0,0.0,0.0,0.0,0.0,5.0,5.0,0.0
344,36,3.6666666666666665,4.0,5,news and media,6,0,30,0.0,0.0,0.0,0.0,0.0,0.0,6.0,6.0,6.0,6.0,0.0,0.0,0.0,0.0,0.0,0.0,0.0,0.0,6.0,0.0,0.0,0.0,0.0,6.0,0.0
354,16,3.0,3.0,4,streaming platforms,4,0,12,0.0,4.0,0.0,0.0,0.0,0.0,4.0,0.0,0.0,0.0,0.0,0.0,0.0,0.0,0.0,0.0,0.0,4.0,0.0,0.0,0.0,0.0,0.0,4.0,0.0
358,16,3.25,3.0,4,health and wellness,4,0,12,0.0,0.0,0.0,0.0,0.0,0.0,4.0,0.0,0.0,0.0,0.0,0.0,4.0,0.0,0.0,0.0,0.0,0.0,0.0,0.0,0.0,0.0,4.0,4.0,0.0
359,9,3.3333333333333335,3.0,4,health and wellness,3,0,6,0.0,0.0,0.0,0.0,0.0,0.0,3.0,0.0,0.0,0.0,0.0,0.0,3.0,0.0,0.0,0.0,0.0,0.0,0.0,0.0,0.0,0.0,0.0,3.0,0.0
362,16,3.25,3.0,4,technology science and research,0,0,16,0.0,0.0,0.0,0.0,0.0,0.0,0.0,0.0,0.0,0.0,0.0,0.0,0.0,4.0,0.0,0.0,4.0,0.0,0.0,0.0,0.0,0.0,4.0,4.0,0.0
364,144,3.5833333333333335,3.5,5,technology science and research,36,0,108,0.0,0.0,0.0,12.0,0.0,0.0,12.0,12.0,0.0,0.0,12.0,12.0,0.0,0.0,12.0,0.0,12.0,12.0,12.0,0.0,12.0,0.0,12.0,12.0,0.0
368,16,3.5,3.5,5,news and media,4,0,12,0.0,0.0,0.0,0.0,0.0,0.0,4.0,0.0,0.0,0.0,0.0,0.0,0.0,0.0,0.0,4.0,0.0,4.0,0.0,0.0,0.0,0.0,0.0,0.0,0.0
371,196,3.357142857142857,3.0,5,news and media,42,0,154,0.0,0.0,0.0,0.0,14.0,14.0,14.0,14.0,0.0,0.0,14.0,14.0,14.0,0.0,0.0,0.0,14.0,14.0,14.0,0.0,0.0,14.0,14.0,14.0,14.0
381,169,3.3846153846153846,3.0,5,educational platforms,26,0,143,0.0,13.0,0.0,0.0,0.0,13.0,13.0,13.0,0.0,0.0,0.0,0.0,13.0,0.0,13.0,0.0,13.0,13.0,0.0,13.0,0.0,0.0,0.0,13.0,0.0
382,144,3.8333333333333335,4.0,5,educational platforms,36,0,108,0.0,0.0,0.0,0.0,0.0,12.0,12.0,12.0,0.0,0.0,0.0,12.0,0.0,0.0,12.0,0.0,12.0,0.0,12.0,12.0,0.0,0.0,0.0,12.0,0.0
384,100,3.8,4.0,5,educational platforms,20,0,80,10.0,0.0,0.0,0.0,10.0,10.0,10.0,10.0,0.0,0.0,0.0,0.0,10.0,0.0,10.0,0.0,10.0,0.0,10.0,0.0,0.0,0.0,0.0,10.0,0.0
387,4,4.0,4.0,4,health and wellness,2,0,2,2.0,0.0,0.0,0.0,0.0,0.0,2.0,0.0,0.0,0.0,0.0,0.0,0.0,0.0,0.0,0.0,0.0,0.0,0.0,0.0,0.0,0.0,0.0,0.0,0.0
388,4,3.5,3.5,4,health and wellness,2,0,2,0.0,0.0,0.0,0.0,0.0,0.0,2.0,0.0,0.0,0.0,0.0,0.0,0.0,0.0,0.0,0.0,0.0,0.0,0.0,0.0,0.0,0.0,2.0,0.0,0.0
391,9,3.3333333333333335,3.0,4,health and wellness,3,0,6,0.0,0.0,0.0,0.0,0.0,0.0,3.0,0.0,0.0,0.0,0.0,0.0,0.0,0.0,0.0,0.0,0.0,0.0,0.0,0.0,0.0,0.0,3.0,3.0,0.0
392,81,3.3333333333333335,3.0,5,health and wellness,27,0,54,0.0,0.0,0.0,0.0,0.0,9.0,9.0,9.0,0.0,0.0,0.0,0.0,9.0,0.0,0.0,9.0,0.0,9.0,9.0,0.0,9.0,0.0,0.0,9.0,0.0
399,36,3.8333333333333335,4.0,5,e-commerce,6,0,30,0.0,0.0,0.0,0.0,0.0,0.0,6.0,0.0,6.0,6.0,6.0,0.0,0.0,0.0,0.0,0.0,0.0,0.0,0.0,0.0,0.0,0.0,0.0,0.0,0.0
401,16,3.25,3.5,4,streaming platforms,4,0,12,0.0,0.0,0.0,0.0,0.0,0.0,4.0,4.0,0.0,0.0,0.0,0.0,0.0,0.0,0.0,0.0,0.0,0.0,4.0,0.0,0.0,0.0,4.0,0.0,0.0
402,16,2.5,2.5,3,streaming platforms,0,0,16,0.0,4.0,0.0,0.0,0.0,0.0,0.0,4.0,0.0,0.0,0.0,0.0,0.0,0.0,0.0,0.0,4.0,0.0,0.0,0.0,0.0,0.0,0.0,4.0,0.0
404,4,3.0,3.0,3,streaming platforms,0,0,4,0.0,0.0,0.0,0.0,0.0,0.0,0.0,0.0,0.0,0.0,0.0,0.0,0.0,0.0,0.0,0.0,2.0,0.0,0.0,0.0,0.0,0.0,2.0,0.0,0.0
408,16,3.0,3.0,4,streaming platforms,4,0,12,0.0,0.0,0.0,0.0,0.0,0.0,4.0,4.0,0.0,0.0,0.0,0.0,0.0,0.0,0.0,0.0,0.0,4.0,0.0,0.0,0.0,0.0,4.0,0.0,0.0
413,4,3.0,3.0,4,technology science and research,2,0,2,0.0,0.0,0.0,0.0,0.0,0.0,2.0,2.0,0.0,0.0,0.0,0.0,0.0,0.0,0.0,0.0,0.0,0.0,0.0,0.0,0.0,0.0,0.0,0.0,0.0
414,144,3.75,4.0,5,technology science and research,12,0,132,0.0,0.0,0.0,0.0,0.0,0.0,0.0,12.0,12.0,12.0,0.0,12.0,0.0,0.0,12.0,12.0,0.0,12.0,12.0,0.0,0.0,0.0,0.0,12.0,0.0
415,81,3.6666666666666665,4.0,5,technology science and research,18,0,63,0.0,0.0,0.0,0.0,9.0,9.0,9.0,0.0,0.0,0.0,0.0,0.0,9.0,0.0,0.0,0.0,0.0,9.0,9.0,9.0,0.0,0.0,9.0,9.0,0.0
416,36,3.1666666666666665,3.5,4,technology science and research,12,0,24,0.0,6.0,0.0,0.0,0.0,6.0,6.0,6.0,0.0,0.0,0.0,0.0,0.0,0.0,0.0,0.0,0.0,0.0,0.0,6.0,0.0,0.0,0.0,6.0,0.0
419,49,3.5714285714285716,4.0,5,technology science and research,7,0,42,0.0,7.0,0.0,0.0,0.0,0.0,7.0,7.0,0.0,0.0,0.0,0.0,0.0,0.0,7.0,0.0,0.0,7.0,0.0,0.0,0.0,0.0,0.0,0.0,0.0
420,4,3.5,3.5,4,technology science and research,2,0,2,0.0,0.0,0.0,0.0,0.0,0.0,2.0,0.0,0.0,0.0,0.0,0.0,0.0,0.0,0.0,0.0,0.0,0.0,0.0,0.0,0.0,0.0,0.0,2.0,0.0
424,4,3.0,3.0,4,educational platforms,2,0,2,0.0,0.0,0.0,0.0,0.0,0.0,2.0,2.0,0.0,0.0,0.0,0.0,0.0,0.0,0.0,0.0,0.0,0.0,0.0,0.0,0.0,0.0,0.0,0.0,0.0
428,36,3.5,3.5,4,streaming platforms,6,0,30,0.0,0.0,0.0,0.0,0.0,0.0,6.0,0.0,0.0,0.0,0.0,0.0,6.0,0.0,0.0,0.0,0.0,0.0,0.0,0.0,0.0,6.0,6.0,6.0,0.0
431,36,3.3333333333333335,3.5,4,e-commerce,12,0,24,0.0,0.0,0.0,0.0,0.0,6.0,6.0,6.0,0.0,0.0,0.0,0.0,0.0,0.0,0.0,0.0,0.0,6.0,6.0,0.0,0.0,0.0,0.0,6.0,0.0
434,9,3.3333333333333335,3.0,4,health and wellness,3,0,6,0.0,0.0,0.0,0.0,0.0,0.0,3.0,0.0,0.0,0.0,0.0,0.0,0.0,0.0,0.0,0.0,3.0,0.0,0.0,0.0,0.0,0.0,0.0,3.0,0.0
435,196,3.642857142857143,4.0,5,health and wellness,14,0,182,14.0,14.0,0.0,0.0,0.0,0.0,14.0,14.0,0.0,14.0,0.0,0.0,0.0,0.0,14.0,0.0,0.0,14.0,14.0,14.0,0.0,14.0,14.0,0.0,0.0
500,1,4.0,4.0,4,health and wellness,1,0,0,0.0,0.0,0.0,0.0,0.0,0.0,1.0,0.0,0.0,0.0,0.0,0.0,0.0,0.0,0.0,0.0,0.0,0.0,0.0,0.0,0.0,0.0,0.0,0.0,0.0
501,9,4.0,4.0,5,health and wellness,3,0,6,0.0,0.0,0.0,0.0,0.0,0.0,3.0,0.0,0.0,3.0,0.0,0.0,3.0,0.0,0.0,0.0,0.0,0.0,0.0,0.0,0.0,0.0,0.0,0.0,0.0
502,1,4.0,4.0,4,health and wellness,1,0,0,0.0,0.0,0.0,0.0,0.0,0.0,1.0,0.0,0.0,0.0,0.0,0.0,0.0,0.0,0.0,0.0,0.0,0.0,0.0,0.0,0.0,0.0,0.0,0.0,0.0
503,162,3.4444444444444446,4.0,5,technology science and research,36,0,126,0.0,0.0,0.0,0.0,0.0,18.0,18.0,18.0,18.0,18.0,18.0,0.0,0.0,0.0,0.0,0.0,0.0,0.0,18.0,0.0,0.0,0.0,0.0,18.0,18.0
504,162,3.4444444444444446,4.0,5,technology science and research,36,0,126,0.0,0.0,0.0,0.0,0.0,18.0,18.0,18.0,18.0,18.0,18.0,0.0,0.0,0.0,0.0,0.0,0.0,0.0,18.0,0.0,0.0,0.0,0.0,18.0,18.0
505,162,3.4444444444444446,4.0,5,technology science and research,36,0,126,0.0,0.0,0.0,0.0,0.0,18.0,18.0,18.0,18.0,18.0,18.0,0.0,0.0,0.0,0.0,0.0,0.0,0.0,18.0,0.0,0.0,0.0,0.0,18.0,18.0
506,25,4.2,4.0,5,technology science and research,5,0,20,0.0,0.0,0.0,5.0,0.0,0.0,5.0,0.0,0.0,0.0,0.0,0.0,0.0,0.0,5.0,0.0,0.0,0.0,5.0,0.0,0.0,0.0,0.0,5.0,0.0
507,25,4.2,4.0,5,technology science and research,5,0,20,0.0,0.0,0.0,5.0,0.0,0.0,5.0,0.0,0.0,0.0,0.0,0.0,0.0,0.0,5.0,0.0,0.0,0.0,5.0,0.0,0.0,0.0,0.0,5.0,0.0
508,25,4.2,4.0,5,technology science and research,5,0,20,0.0,0.0,0.0,5.0,0.0,0.0,5.0,0.0,0.0,0.0,0.0,0.0,0.0,0.0,5.0,0.0,0.0,0.0,5.0,0.0,0.0,0.0,0.0,5.0,0.0
509,25,3.2,3.0,4,technology science and research,10,0,15,0.0,0.0,0.0,0.0,0.0,0.0,5.0,0.0,0.0,0.0,0.0,5.0,0.0,0.0,0.0,5.0,5.0,0.0,0.0,0.0,0.0,0.0,0.0,5.0,0.0
510,16,3.0,3.0,4,health and wellness,4,0,12,0.0,0.0,0.0,0.0,0.0,0.0,4.0,0.0,0.0,0.0,0.0,0.0,0.0,0.0,0.0,4.0,4.0,0.0,0.0,0.0,0.0,0.0,0.0,4.0,0.0
511,1,5.0,5.0,5,technology science and research,0,0,1,0.0,0.0,0.0,0.0,0.0,0.0,0.0,0.0,0.0,0.0,0.0,0.0,0.0,0.0,0.0,0.0,0.0,0.0,0.0,0.0,0.0,0.0,0.0,0.0,0.0
512,36,3.5,3.5,4,e-commerce,6,0,30,0.0,0.0,0.0,0.0,0.0,0.0,6.0,0.0,0.0,0.0,0.0,0.0,6.0,0.0,0.0,0.0,6.0,0.0,6.0,6.0,0.0,0.0,0.0,6.0,0.0
513,36,3.5,3.5,4,e-commerce,6,0,30,0.0,0.0,0.0,0.0,0.0,0.0,6.0,0.0,0.0,0.0,0.0,0.0,6.0,0.0,0.0,0.0,6.0,0.0,6.0,6.0,0.0,0.0,0.0,6.0,0.0
515,100,3.8,4.0,5,health and wellness,20,0,80,0.0,0.0,0.0,0.0,10.0,10.0,10.0,0.0,0.0,0.0,0.0,0.0,10.0,0.0,0.0,0.0,0.0,10.0,10.0,10.0,0.0,0.0,0.0,10.0,10.0
516,49,3.7142857142857144,4.0,5,health and wellness,14,0,35,0.0,0.0,0.0,0.0,7.0,7.0,7.0,0.0,0.0,0.0,0.0,0.0,0.0,0.0,0.0,0.0,0.0,7.0,7.0,0.0,0.0,0.0,0.0,7.0,7.0
517,64,3.625,3.5,5,health and wellness,16,0,48,0.0,0.0,0.0,0.0,8.0,8.0,8.0,0.0,0.0,0.0,0.0,0.0,8.0,0.0,0.0,0.0,0.0,8.0,8.0,0.0,0.0,0.0,0.0,8.0,8.0
518,25,3.8,4.0,4,health and wellness,10,0,15,0.0,0.0,0.0,0.0,0.0,5.0,5.0,0.0,5.0,0.0,0.0,0.0,0.0,0.0,0.0,0.0,0.0,0.0,5.0,0.0,0.0,0.0,5.0,0.0,0.0
519,25,3.8,4.0,4,technology science and research,10,0,15,0.0,0.0,0.0,0.0,0.0,5.0,5.0,0.0,5.0,0.0,0.0,0.0,0.0,0.0,0.0,0.0,0.0,0.0,5.0,0.0,0.0,0.0,5.0,0.0,0.0
520,81,3.4444444444444446,3.0,5,news and media,18,0,63,0.0,0.0,0.0,0.0,9.0,9.0,9.0,0.0,0.0,0.0,9.0,0.0,9.0,0.0,0.0,0.0,0.0,9.0,0.0,0.0,0.0,0.0,9.0,9.0,0.0
521,121,3.4545454545454546,3.0,5,news and media,22,0,99,0.0,0.0,11.0,0.0,11.0,11.0,11.0,0.0,0.0,0.0,11.0,0.0,11.0,0.0,0.0,11.0,0.0,11.0,0.0,0.0,0.0,0.0,11.0,11.0,0.0
522,225,3.8666666666666667,4.0,5,news and media,30,0,195,15.0,0.0,15.0,15.0,15.0,15.0,15.0,0.0,0.0,0.0,0.0,0.0,0.0,0.0,0.0,0.0,15.0,15.0,15.0,15.0,0.0,15.0,15.0,15.0,15.0
523,144,3.5833333333333335,3.5,5,news and media,24,0,120,0.0,0.0,0.0,12.0,12.0,12.0,12.0,12.0,0.0,12.0,12.0,0.0,0.0,0.0,0.0,0.0,12.0,12.0,12.0,0.0,0.0,0.0,0.0,12.0,12.0
524,121,3.727272727272727,4.0,5,news and media,22,0,99,0.0,0.0,0.0,11.0,11.0,11.0,11.0,11.0,0.0,11.0,0.0,0.0,0.0,0.0,0.0,0.0,11.0,11.0,11.0,0.0,0.0,0.0,0.0,11.0,11.0
525,144,3.5833333333333335,3.5,5,news and media,24,0,120,0.0,0.0,0.0,12.0,12.0,12.0,12.0,12.0,0.0,12.0,12.0,0.0,0.0,0.0,0.0,0.0,12.0,12.0,12.0,0.0,0.0,0.0,0.0,12.0,12.0
526,121,3.727272727272727,4.0,5,news and media,22,0,99,0.0,0.0,0.0,11.0,11.0,11.0,11.0,11.0,0.0,11.0,0.0,0.0,0.0,0.0,0.0,0.0,11.0,11.0,11.0,0.0,0.0,0.0,0.0,11.0,11.0
539,16,3.75,4.0,4,e-commerce,8,0,8,0.0,0.0,0.0,0.0,0.0,4.0,4.0,0.0,0.0,0.0,0.0,0.0,0.0,0.0,0.0,0.0,0.0,0.0,4.0,0.0,0.0,0.0,0.0,4.0,0.0
540,4,4.0,4.0,4,health and wellness,2,0,2,0.0,0.0,0.0,0.0,0.0,0.0,2.0,0.0,0.0,0.0,0.0,0.0,0.0,0.0,0.0,0.0,0.0,0.0,0.0,2.0,0.0,0.0,0.0,0.0,0.0
542,49,3.142857142857143,3.0,4,news and media,14,0,35,0.0,0.0,0.0,0.0,0.0,7.0,7.0,7.0,0.0,0.0,7.0,0.0,0.0,0.0,0.0,0.0,7.0,0.0,7.0,0.0,0.0,0.0,0.0,7.0,0.0
543,49,3.142857142857143,3.0,4,news and media,14,0,35,0.0,0.0,0.0,0.0,0.0,7.0,7.0,7.0,0.0,0.0,7.0,0.0,0.0,0.0,0.0,0.0,7.0,0.0,7.0,0.0,0.0,0.0,0.0,7.0,0.0
545,36,3.3333333333333335,3.5,4,news and media,12,0,24,0.0,0.0,0.0,0.0,0.0,6.0,6.0,6.0,0.0,0.0,0.0,0.0,0.0,0.0,0.0,0.0,6.0,0.0,6.0,0.0,0.0,0.0,0.0,6.0,0.0
548,25,3.8,4.0,5,educational platforms,5,0,20,0.0,0.0,0.0,0.0,0.0,0.0,5.0,0.0,0.0,0.0,0.0,0.0,0.0,5.0,0.0,0.0,5.0,0.0,0.0,0.0,0.0,0.0,0.0,5.0,0.0
557,49,3.5714285714285716,4.0,5,educational platforms,14,0,35,0.0,0.0,0.0,0.0,7.0,7.0,7.0,7.0,0.0,0.0,0.0,0.0,0.0,0.0,0.0,0.0,0.0,7.0,7.0,0.0,0.0,0.0,0.0,0.0,0.0
558,49,3.5714285714285716,4.0,5,educational platforms,14,0,35,0.0,0.0,0.0,0.0,7.0,7.0,7.0,7.0,0.0,0.0,0.0,0.0,0.0,0.0,0.0,0.0,0.0,7.0,7.0,0.0,0.0,0.0,0.0,0.0,0.0
559,49,3.5714285714285716,4.0,5,educational platforms,14,0,35,0.0,0.0,0.0,0.0,7.0,7.0,7.0,7.0,0.0,0.0,0.0,0.0,0.0,0.0,0.0,0.0,0.0,7.0,7.0,0.0,0.0,0.0,0.0,0.0,0.0
569,1,4.0,4.0,4,health and wellness,1,0,0,0.0,0.0,0.0,0.0,0.0,0.0,1.0,0.0,0.0,0.0,0.0,0.0,0.0,0.0,0.0,0.0,0.0,0.0,0.0,0.0,0.0,0.0,0.0,0.0,0.0
570,9,4.0,4.0,5,health and wellness,3,0,6,0.0,0.0,0.0,0.0,0.0,0.0,3.0,0.0,0.0,0.0,0.0,0.0,3.0,0.0,3.0,0.0,0.0,0.0,0.0,0.0,0.0,0.0,0.0,0.0,0.0
571,9,3.0,3.0,4,health and wellness,3,0,6,0.0,0.0,0.0,0.0,0.0,0.0,3.0,0.0,0.0,0.0,0.0,0.0,3.0,0.0,0.0,3.0,0.0,0.0,0.0,0.0,0.0,0.0,0.0,0.0,0.0
572,1,4.0,4.0,4,health and wellness,1,0,0,0.0,0.0,0.0,0.0,0.0,0.0,1.0,0.0,0.0,0.0,0.0,0.0,0.0,0.0,0.0,0.0,0.0,0.0,0.0,0.0,0.0,0.0,0.0,0.0,0.0
573,4,3.5,3.5,4,health and wellness,2,0,2,0.0,0.0,0.0,0.0,0.0,0.0,2.0,0.0,0.0,0.0,0.0,0.0,2.0,0.0,0.0,0.0,0.0,0.0,0.0,0.0,0.0,0.0,0.0,0.0,0.0
700,16,3.25,3.0,4,government and public services,4,0,12,0.0,0.0,0.0,0.0,0.0,0.0,4.0,0.0,0.0,0.0,0.0,0.0,0.0,0.0,0.0,0.0,0.0,4.0,0.0,0.0,0.0,0.0,0.0,0.0,0.0
701,16,3.25,3.0,4,government and public services,4,0,12,0.0,0.0,0.0,0.0,0.0,0.0,4.0,0.0,0.0,0.0,0.0,0.0,0.0,0.0,0.0,0.0,0.0,4.0,0.0,0.0,0.0,0.0,0.0,0.0,0.0
702,16,3.25,3.0,4,government and public services,4,0,12,0.0,0.0,0.0,0.0,0.0,0.0,4.0,0.0,0.0,0.0,0.0,0.0,0.0,0.0,0.0,0.0,0.0,4.0,0.0,0.0,0.0,0.0,0.0,0.0,0.0
703,16,3.25,3.0,4,government and public services,4,0,12,0.0,0.0,0.0,0.0,0.0,0.0,4.0,0.0,0.0,0.0,0.0,0.0,0.0,0.0,0.0,0.0,0.0,4.0,0.0,0.0,0.0,0.0,0.0,0.0,0.0
704,16,3.25,3.0,4,government and public services,4,0,12,0.0,0.0,0.0,0.0,0.0,0.0,4.0,0.0,0.0,0.0,0.0,0.0,0.0,0.0,0.0,0.0,0.0,4.0,0.0,0.0,0.0,0.0,0.0,0.0,0.0
705,16,3.25,3.0,4,government and public services,4,0,12,0.0,0.0,0.0,0.0,0.0,0.0,4.0,0.0,0.0,0.0,0.0,0.0,0.0,0.0,0.0,0.0,0.0,4.0,0.0,0.0,0.0,0.0,0.0,0.0,0.0
706,81,3.4444444444444446,4.0,5,news and media,18,0,63,0.0,0.0,0.0,0.0,0.0,9.0,9.0,9.0,9.0,9.0,9.0,0.0,0.0,0.0,0.0,0.0,0.0,0.0,9.0,0.0,0.0,0.0,0.0,9.0,9.0
707,81,3.4444444444444446,4.0,5,news and media,18,0,63,0.0,0.0,0.0,0.0,0.0,9.0,9.0,9.0,9.0,9.0,9.0,0.0,0.0,0.0,0.0,0.0,0.0,0.0,9.0,0.0,0.0,0.0,0.0,9.0,9.0
708,81,3.4444444444444446,4.0,5,news and media,18,0,63,0.0,0.0,0.0,0.0,0.0,9.0,9.0,9.0,9.0,9.0,9.0,0.0,0.0,0.0,0.0,0.0,0.0,0.0,9.0,0.0,0.0,0.0,0.0,9.0,9.0
709,81,3.4444444444444446,4.0,5,news and media,18,0,63,0.0,0.0,0.0,0.0,0.0,9.0,9.0,9.0,9.0,9.0,9.0,0.0,0.0,0.0,0.0,0.0,0.0,0.0,9.0,0.0,0.0,0.0,0.0,9.0,9.0
710,81,3.4444444444444446,4.0,5,news and media,18,0,63,0.0,0.0,0.0,0.0,0.0,9.0,9.0,9.0,9.0,9.0,9.0,0.0,0.0,0.0,0.0,0.0,0.0,0.0,9.0,0.0,0.0,0.0,0.0,9.0,9.0
711,162,3.4444444444444446,4.0,5,news and media,36,0,126,0.0,0.0,0.0,0.0,0.0,18.0,18.0,18.0,18.0,18.0,18.0,0.0,0.0,0.0,0.0,0.0,0.0,0.0,18.0,0.0,0.0,0.0,0.0,18.0,18.0
712,81,3.4444444444444446,4.0,5,news and media,18,0,63,0.0,0.0,0.0,0.0,0.0,9.0,9.0,9.0,9.0,9.0,9.0,0.0,0.0,0.0,0.0,0.0,0.0,0.0,9.0,0.0,0.0,0.0,0.0,9.0,9.0
713,162,3.4444444444444446,4.0,5,news and media,36,0,126,0.0,0.0,0.0,0.0,0.0,18.0,18.0,18.0,18.0,18.0,18.0,0.0,0.0,0.0,0.0,0.0,0.0,0.0,18.0,0.0,0.0,0.0,0.0,18.0,18.0
714,81,3.4444444444444446,4.0,5,news and media,18,0,63,0.0,0.0,0.0,0.0,0.0,9.0,9.0,9.0,9.0,9.0,9.0,0.0,0.0,0.0,0.0,0.0,0.0,0.0,9.0,0.0,0.0,0.0,0.0,9.0,9.0
715,81,3.4444444444444446,4.0,5,news and media,18,0,63,0.0,0.0,0.0,0.0,0.0,9.0,9.0,9.0,9.0,9.0,9.0,0.0,0.0,0.0,0.0,0.0,0.0,0.0,9.0,0.0,0.0,0.0,0.0,9.0,9.0
716,162,3.4444444444444446,4.0,5,news and media,36,0,126,0.0,0.0,0.0,0.0,0.0,18.0,18.0,18.0,18.0,18.0,18.0,0.0,0.0,0.0,0.0,0.0,0.0,0.0,18.0,0.0,0.0,0.0,0.0,18.0,18.0
722,16,3.25,3.0,4,news and media,4,0,12,0.0,0.0,0.0,0.0,0.0,0.0,4.0,0.0,0.0,0.0,0.0,0.0,4.0,0.0,0.0,0.0,0.0,4.0,0.0,0.0,0.0,0.0,0.0,4.0,0.0
723,16,3.25,3.0,4,news and media,4,0,12,0.0,0.0,0.0,0.0,0.0,0.0,4.0,0.0,0.0,0.0,0.0,0.0,4.0,0.0,0.0,0.0,0.0,4.0,0.0,0.0,0.0,0.0,0.0,4.0,0.0
724,16,3.25,3.0,4,news and media,4,0,12,0.0,0.0,0.0,0.0,0.0,0.0,4.0,0.0,0.0,0.0,0.0,0.0,4.0,0.0,0.0,0.0,0.0,4.0,0.0,0.0,0.0,0.0,0.0,4.0,0.0
725,16,3.25,3.0,4,news and media,4,0,12,0.0,0.0,0.0,0.0,0.0,0.0,4.0,0.0,0.0,0.0,0.0,0.0,4.0,0.0,0.0,0.0,0.0,4.0,0.0,0.0,0.0,0.0,0.0,4.0,0.0
726,16,3.25,3.0,4,news and media,4,0,12,0.0,0.0,0.0,0.0,0.0,0.0,4.0,0.0,0.0,0.0,0.0,0.0,4.0,0.0,0.0,0.0,0.0,4.0,0.0,0.0,0.0,0.0,0.0,4.0,0.0
727,16,3.25,3.0,4,news and media,4,0,12,0.0,0.0,0.0,0.0,0.0,0.0,4.0,0.0,0.0,0.0,0.0,0.0,4.0,0.0,0.0,0.0,0.0,4.0,0.0,0.0,0.0,0.0,0.0,4.0,0.0
728,16,3.25,3.0,4,news and media,4,0,12,0.0,0.0,0.0,0.0,0.0,0.0,4.0,0.0,0.0,0.0,0.0,0.0,4.0,0.0,0.0,0.0,0.0,4.0,0.0,0.0,0.0,0.0,0.0,4.0,0.0
729,16,3.25,3.0,4,news and media,4,0,12,0.0,0.0,0.0,0.0,0.0,0.0,4.0,0.0,0.0,0.0,0.0,0.0,4.0,0.0,0.0,0.0,0.0,4.0,0.0,0.0,0.0,0.0,0.0,4.0,0.0
730,16,3.25,3.0,4,news and media,4,0,12,0.0,0.0,0.0,0.0,0.0,0.0,4.0,0.0,0.0,0.0,0.0,0.0,4.0,0.0,0.0,0.0,0.0,4.0,0.0,0.0,0.0,0.0,0.0,4.0,0.0
731,16,3.25,3.0,4,news and media,4,0,12,0.0,0.0,0.0,0.0,0.0,0.0,4.0,0.0,0.0,0.0,0.0,0.0,4.0,0.0,0.0,0.0,0.0,4.0,0.0,0.0,0.0,0.0,0.0,4.0,0.0
732,16,3.25,3.0,4,news and media,4,0,12,0.0,0.0,0.0,0.0,0.0,0.0,4.0,0.0,0.0,0.0,0.0,0.0,4.0,0.0,0.0,0.0,0.0,4.0,0.0,0.0,0.0,0.0,0.0,4.0,0.0
733,16,3.25,3.0,4,news and media,4,0,12,0.0,0.0,0.0,0.0,0.0,0.0,4.0,0.0,0.0,0.0,0.0,0.0,4.0,0.0,0.0,0.0,0.0,4.0,0.0,0.0,0.0,0.0,0.0,4.0,0.0
5000,36,5.0,5.0,5,technology science and research,0,36,0,0.0,0.0,0.0,0.0,0.0,0.0,0.0,0.0,0.0,0.0,0.0,0.0,0.0,0.0,0.0,0.0,0.0,0.0,0.0,0.0,0.0,0.0,0.0,0.0,0.0
5001,1,5.0,5.0,5,technology science and research,0,1,0,0.0,0.0,0.0,0.0,0.0,0.0,0.0,0.0,0.0,0.0,0.0,0.0,0.0,0.0,0.0,0.0,0.0,0.0,0.0,0.0,0.0,0.0,0.0,0.0,0.0
5002,1,5.0,5.0,5,educational platforms,0,1,0,0.0,0.0,0.0,0.0,0.0,0.0,0.0,0.0,0.0,0.0,0.0,0.0,0.0,0.0,0.0,0.0,0.0,0.0,0.0,0.0,0.0,0.0,0.0,0.0,0.0
5003,1,4.0,4.0,4,educational platforms,0,1,0,0.0,0.0,0.0,0.0,0.0,0.0,0.0,0.0,0.0,0.0,0.0,0.0,0.0,0.0,0.0,0.0,0.0,0.0,0.0,0.0,0.0,0.0,0.0,0.0,0.0
5004,1,4.0,4.0,4,educational platforms,0,1,0,0.0,0.0,0.0,0.0,0.0,0.0,0.0,0.0,0.0,0.0,0.0,0.0,0.0,0.0,0.0,0.0,0.0,0.0,0.0,0.0,0.0,0.0,0.0,0.0,0.0
5005,1,4.0,4.0,4,educational platforms,0,1,0,0.0,0.0,0.0,0.0,0.0,0.0,0.0,0.0,0.0,0.0,0.0,0.0,0.0,0.0,0.0,0.0,0.0,0.0,0.0,0.0,0.0,0.0,0.0,0.0,0.0
5006,1,4.0,4.0,4,educational platforms,0,1,0,0.0,0.0,0.0,0.0,0.0,0.0,0.0,0.0,0.0,0.0,0.0,0.0,0.0,0.0,0.0,0.0,0.0,0.0,0.0,0.0,0.0,0.0,0.0,0.0,0.0
5007,1,4.0,4.0,4,educational platforms,0,1,0,0.0,0.0,0.0,0.0,0.0,0.0,0.0,0.0,0.0,0.0,0.0,0.0,0.0,0.0,0.0,0.0,0.0,0.0,0.0,0.0,0.0,0.0,0.0,0.0,0.0
5008,1,4.0,4.0,4,educational platforms,0,1,0,0.0,0.0,0.0,0.0,0.0,0.0,0.0,0.0,0.0,0.0,0.0,0.0,0.0,0.0,0.0,0.0,0.0,0.0,0.0,0.0,0.0,0.0,0.0,0.0,0.0
5009,1,3.0,3.0,3,educational platforms,0,1,0,0.0,0.0,0.0,0.0,0.0,0.0,0.0,0.0,0.0,0.0,0.0,0.0,0.0,0.0,0.0,0.0,0.0,0.0,0.0,0.0,0.0,0.0,0.0,0.0,0.0
5010,1,3.0,3.0,3,educational platforms,0,1,0,0.0,0.0,0.0,0.0,0.0,0.0,0.0,0.0,0.0,0.0,0.0,0.0,0.0,0.0,0.0,0.0,0.0,0.0,0.0,0.0,0.0,0.0,0.0,0.0,0.0
5011,1,4.0,4.0,4,educational platforms,0,1,0,0.0,0.0,0.0,0.0,0.0,0.0,0.0,0.0,0.0,0.0,0.0,0.0,0.0,0.0,0.0,0.0,0.0,0.0,0.0,0.0,0.0,0.0,0.0,0.0,0.0
5012,1,4.0,4.0,4,educational platforms,0,1,0,0.0,0.0,0.0,0.0,0.0,0.0,0.0,0.0,0.0,0.0,0.0,0.0,0.0,0.0,0.0,0.0,0.0,0.0,0.0,0.0,0.0,0.0,0.0,0.0,0.0
5013,1,4.0,4.0,4,educational platforms,0,1,0,0.0,0.0,0.0,0.0,0.0,0.0,0.0,0.0,0.0,0.0,0.0,0.0,0.0,0.0,0.0,0.0,0.0,0.0,0.0,0.0,0.0,0.0,0.0,0.0,0.0
5014,1,5.0,5.0,5,educational platforms,0,1,0,0.0,0.0,0.0,0.0,0.0,0.0,0.0,0.0,0.0,0.0,0.0,0.0,0.0,0.0,0.0,0.0,0.0,0.0,0.0,0.0,0.0,0.0,0.0,0.0,0.0
5015,1,5.0,5.0,5,educational platforms,0,1,0,0.0,0.0,0.0,0.0,0.0,0.0,0.0,0.0,0.0,0.0,0.0,0.0,0.0,0.0,0.0,0.0,0.0,0.0,0.0,0.0,0.0,0.0,0.0,0.0,0.0
5016,1,5.0,5.0,5,educational platforms,0,1,0,0.0,0.0,0.0,0.0,0.0,0.0,0.0,0.0,0.0,0.0,0.0,0.0,0.0,0.0,0.0,0.0,0.0,0.0,0.0,0.0,0.0,0.0,0.0,0.0,0.0
5017,1,4.0,4.0,4,educational platforms,0,1,0,0.0,0.0,0.0,0.0,0.0,0.0,0.0,0.0,0.0,0.0,0.0,0.0,0.0,0.0,0.0,0.0,0.0,0.0,0.0,0.0,0.0,0.0,0.0,0.0,0.0
5018,1,4.0,4.0,4,educational platforms,0,1,0,0.0,0.0,0.0,0.0,0.0,0.0,0.0,0.0,0.0,0.0,0.0,0.0,0.0,0.0,0.0,0.0,0.0,0.0,0.0,0.0,0.0,0.0,0.0,0.0,0.0
5019,1,4.0,4.0,4,educational platforms,0,1,0,0.0,0.0,0.0,0.0,0.0,0.0,0.0,0.0,0.0,0.0,0.0,0.0,0.0,0.0,0.0,0.0,0.0,0.0,0.0,0.0,0.0,0.0,0.0,0.0,0.0
5020,1,4.0,4.0,4,educational platforms,0,1,0,0.0,0.0,0.0,0.0,0.0,0.0,0.0,0.0,0.0,0.0,0.0,0.0,0.0,0.0,0.0,0.0,0.0,0.0,0.0,0.0,0.0,0.0,0.0,0.0,0.0
5021,1,4.0,4.0,4,educational platforms,0,1,0,0.0,0.0,0.0,0.0,0.0,0.0,0.0,0.0,0.0,0.0,0.0,0.0,0.0,0.0,0.0,0.0,0.0,0.0,0.0,0.0,0.0,0.0,0.0,0.0,0.0
5022,1,4.0,4.0,4,educational platforms,0,1,0,0.0,0.0,0.0,0.0,0.0,0.0,0.0,0.0,0.0,0.0,0.0,0.0,0.0,0.0,0.0,0.0,0.0,0.0,0.0,0.0,0.0,0.0,0.0,0.0,0.0
5023,1,4.0,4.0,4,educational platforms,0,1,0,0.0,0.0,0.0,0.0,0.0,0.0,0.0,0.0,0.0,0.0,0.0,0.0,0.0,0.0,0.0,0.0,0.0,0.0,0.0,0.0,0.0,0.0,0.0,0.0,0.0
5024,1,5.0,5.0,5,educational platforms,0,1,0,0.0,0.0,0.0,0.0,0.0,0.0,0.0,0.0,0.0,0.0,0.0,0.0,0.0,0.0,0.0,0.0,0.0,0.0,0.0,0.0,0.0,0.0,0.0,0.0,0.0
5025,1,5.0,5.0,5,educational platforms,0,1,0,0.0,0.0,0.0,0.0,0.0,0.0,0.0,0.0,0.0,0.0,0.0,0.0,0.0,0.0,0.0,0.0,0.0,0.0,0.0,0.0,0.0,0.0,0.0,0.0,0.0
5026,1,4.0,4.0,4,educational platforms,0,1,0,0.0,0.0,0.0,0.0,0.0,0.0,0.0,0.0,0.0,0.0,0.0,0.0,0.0,0.0,0.0,0.0,0.0,0.0,0.0,0.0,0.0,0.0,0.0,0.0,0.0
5027,1,4.0,4.0,4,educational platforms,0,1,0,0.0,0.0,0.0,0.0,0.0,0.0,0.0,0.0,0.0,0.0,0.0,0.0,0.0,0.0,0.0,0.0,0.0,0.0,0.0,0.0,0.0,0.0,0.0,0.0,0.0
21319415,36,3.3333333333333335,3.0,4,government and public services,12,0,24,0.0,0.0,0.0,0.0,0.0,6.0,6.0,0.0,0.0,0.0,0.0,0.0,0.0,0.0,0.0,0.0,0.0,6.0,0.0,0.0,0.0,0.0,0.0,6.0,0.0
37517988,10,3.0,3.0,4,technology science and research,3,0,6,0.0,0.0,0.0,0.0,0.0,0.0,3.0,3.0,0.0,0.0,0.0,0.0,0.0,0.0,0.0,0.0,0.0,0.0,0.0,0.0,0.0,0.0,0.0,0.0,3.0
53239342,9,3.6666666666666665,4.0,4,streaming platforms,6,0,3,0.0,0.0,0.0,0.0,0.0,3.0,3.0,0.0,0.0,0.0,0.0,0.0,0.0,0.0,0.0,0.0,0.0,0.0,0.0,0.0,0.0,0.0,0.0,3.0,0.0
79862148,16,3.5,3.5,4,news and media,0,0,16,0.0,0.0,0.0,0.0,0.0,0.0,0.0,0.0,0.0,0.0,0.0,0.0,0.0,4.0,0.0,0.0,4.0,0.0,0.0,0.0,0.0,0.0,4.0,0.0,0.0
108292809,81,3.5555555555555554,4.0,5,technology science and research,9,0,72,9.0,0.0,0.0,0.0,0.0,0.0,9.0,9.0,9.0,9.0,0.0,0.0,0.0,0.0,0.0,0.0,0.0,9.0,0.0,0.0,0.0,9.0,0.0,9.0,9.0
111849147,5,3.3333333333333335,4.0,4,technology science and research,2,0,2,0.0,0.0,0.0,0.0,0.0,0.0,2.0,2.0,0.0,0.0,0.0,0.0,0.0,0.0,0.0,0.0,0.0,0.0,0.0,0.0,0.0,0.0,0.0,0.0,0.0
114166897,25,4.0,4.0,5,streaming platforms,15,0,10,0.0,0.0,0.0,0.0,0.0,5.0,5.0,0.0,0.0,0.0,0.0,0.0,0.0,5.0,0.0,0.0,0.0,5.0,0.0,0.0,5.0,0.0,0.0,0.0,0.0
128813600,25,3.6,4.0,5,educational platforms,5,0,20,0.0,5.0,0.0,0.0,0.0,0.0,5.0,0.0,0.0,0.0,0.0,0.0,0.0,0.0,5.0,0.0,0.0,0.0,5.0,0.0,0.0,0.0,0.0,5.0,0.0
145563147,25,3.4,3.0,4,e-commerce,0,0,25,0.0,0.0,0.0,0.0,0.0,0.0,0.0,0.0,0.0,0.0,0.0,0.0,0.0,5.0,0.0,0.0,5.0,0.0,0.0,0.0,0.0,0.0,5.0,5.0,0.0
193670859,169,4.076923076923077,4.0,5,news and media,26,0,143,0.0,0.0,13.0,0.0,13.0,13.0,13.0,13.0,0.0,13.0,0.0,0.0,0.0,0.0,13.0,0.0,0.0,13.0,13.0,0.0,0.0,0.0,13.0,0.0,0.0
230914312,169,3.5384615384615383,4.0,5,news and media,39,0,130,0.0,0.0,0.0,0.0,13.0,13.0,13.0,13.0,0.0,0.0,13.0,13.0,13.0,13.0,13.0,0.0,13.0,13.0,13.0,0.0,0.0,0.0,0.0,13.0,0.0
265528793,36,4.0,4.0,5,educational platforms,24,0,12,0.0,0.0,0.0,0.0,0.0,6.0,6.0,0.0,0.0,0.0,0.0,6.0,0.0,0.0,0.0,0.0,0.0,0.0,0.0,0.0,6.0,0.0,0.0,6.0,0.0
328623724,81,3.888888888888889,4.0,5,educational platforms,18,0,63,0.0,0.0,0.0,0.0,0.0,9.0,9.0,0.0,0.0,0.0,0.0,0.0,0.0,0.0,9.0,0.0,0.0,9.0,9.0,0.0,0.0,0.0,9.0,9.0,0.0
339464061,25,3.6,4.0,5,news and media,5,0,20,0.0,0.0,0.0,0.0,0.0,0.0,5.0,5.0,0.0,0.0,0.0,0.0,0.0,0.0,5.0,0.0,0.0,0.0,0.0,0.0,0.0,0.0,0.0,5.0,0.0
340545659,64,3.5,3.5,4,e-commerce,16,0,48,0.0,0.0,0.0,0.0,0.0,8.0,8.0,0.0,0.0,0.0,0.0,0.0,0.0,0.0,0.0,0.0,8.0,8.0,8.0,8.0,0.0,0.0,0.0,8.0,0.0
440208167,9,3.3333333333333335,3.0,4,e-commerce,0,0,9,0.0,0.0,0.0,0.0,0.0,0.0,0.0,0.0,0.0,0.0,0.0,0.0,0.0,3.0,0.0,0.0,3.0,0.0,0.0,0.0,0.0,0.0,0.0,3.0,0.0
447677652,4,3.0,3.0,3,streaming platforms,0,0,4,0.0,0.0,0.0,0.0,0.0,0.0,0.0,0.0,0.0,0.0,0.0,0.0,0.0,0.0,0.0,0.0,2.0,0.0,0.0,0.0,0.0,0.0,2.0,0.0,0.0
488474617,64,3.25,3.5,4,e-commerce,16,0,48,8.0,0.0,0.0,0.0,0.0,8.0,8.0,8.0,0.0,0.0,0.0,0.0,0.0,0.0,0.0,8.0,0.0,8.0,0.0,0.0,0.0,8.0,0.0,8.0,0.0
499022650,169,3.5384615384615383,4.0,5,e-commerce,26,0,143,0.0,13.0,13.0,0.0,0.0,0.0,13.0,13.0,0.0,0.0,0.0,0.0,13.0,0.0,0.0,0.0,0.0,0.0,13.0,0.0,0.0,13.0,13.0,13.0,0.0
519658437,16,3.75,3.5,5,technology science and research,4,0,12,0.0,0.0,0.0,0.0,0.0,0.0,4.0,0.0,0.0,0.0,0.0,0.0,0.0,0.0,0.0,0.0,4.0,0.0,0.0,0.0,0.0,0.0,0.0,4.0,0.0
529912387,4,2.5,2.5,3,e-commerce,0,0,4,0.0,0.0,0.0,0.0,0.0,0.0,0.0,2.0,0.0,0.0,0.0,0.0,0.0,0.0,0.0,0.0,0.0,0.0,0.0,0.0,0.0,0.0,0.0,2.0,0.0
531083003,25,3.4,4.0,4,government and public services,5,0,20,0.0,5.0,0.0,0.0,0.0,0.0,5.0,0.0,5.0,0.0,0.0,0.0,0.0,0.0,0.0,0.0,0.0,0.0,0.0,5.0,0.0,0.0,5.0,0.0,0.0
546358444,49,3.857142857142857,4.0,5,educational platforms,21,0,28,0.0,0.0,0.0,0.0,0.0,7.0,7.0,0.0,0.0,0.0,0.0,0.0,7.0,0.0,0.0,0.0,7.0,0.0,0.0,0.0,7.0,0.0,0.0,7.0,0.0
581517740,5,3.3333333333333335,4.0,4,technology science and research,3,0,2,0.0,0.0,0.0,0.0,0.0,0.0,2.0,2.0,0.0,0.0,0.0,0.0,0.0,0.0,0.0,0.0,0.0,0.0,0.0,0.0,0.0,0.0,0.0,0.0,0.0
587130571,4,4.5,4.5,5,e-commerce,2,0,2,0.0,0.0,0.0,0.0,0.0,0.0,2.0,0.0,0.0,0.0,0.0,0.0,0.0,0.0,0.0,0.0,0.0,0.0,0.0,0.0,0.0,0.0,0.0,0.0,0.0
589105098,16,3.0,3.0,4,news and media,4,0,12,0.0,0.0,0.0,0.0,0.0,0.0,4.0,4.0,0.0,0.0,0.0,0.0,0.0,0.0,0.0,0.0,4.0,0.0,0.0,0.0,0.0,0.0,0.0,4.0,0.0
604991355,169,3.923076923076923,4.0,5,news and media,26,0,143,0.0,0.0,0.0,0.0,13.0,13.0,13.0,0.0,0.0,0.0,13.0,0.0,13.0,0.0,13.0,0.0,0.0,13.0,13.0,13.0,0.0,0.0,0.0,13.0,0.0
692205405,36,3.6666666666666665,4.0,5,news and media,6,0,30,0.0,0.0,0.0,0.0,0.0,0.0,6.0,6.0,6.0,6.0,0.0,0.0,0.0,0.0,0.0,0.0,0.0,0.0,6.0,0.0,0.0,0.0,0.0,6.0,0.0
702203214,9,3.6666666666666665,4.0,4,government and public services,3,0,6,0.0,0.0,0.0,0.0,0.0,0.0,3.0,0.0,0.0,0.0,0.0,0.0,0.0,0.0,0.0,0.0,0.0,0.0,0.0,0.0,0.0,0.0,0.0,3.0,0.0
739443498,25,3.4,3.0,4,technology science and research,10,0,15,0.0,0.0,0.0,0.0,0.0,5.0,5.0,0.0,0.0,0.0,0.0,0.0,5.0,0.0,0.0,0.0,5.0,0.0,0.0,0.0,0.0,0.0,0.0,5.0,0.0
739501289,36,3.5,4.0,4,e-commerce,12,0,24,0.0,0.0,0.0,0.0,0.0,0.0,6.0,6.0,0.0,0.0,0.0,0.0,0.0,0.0,0.0,0.0,0.0,0.0,6.0,0.0,0.0,6.0,0.0,6.0,0.0
775058569,36,3.3333333333333335,3.0,4,government and public services,6,0,30,0.0,0.0,0.0,0.0,0.0,0.0,6.0,0.0,0.0,0.0,0.0,0.0,0.0,0.0,0.0,0.0,0.0,6.0,0.0,0.0,0.0,0.0,0.0,0.0,0.0
805430153,64,3.5,4.0,5,news and media,16,0,48,0.0,0.0,0.0,8.0,0.0,8.0,8.0,8.0,8.0,0.0,8.0,0.0,0.0,0.0,0.0,0.0,0.0,8.0,8.0,0.0,0.0,0.0,0.0,0.0,0.0
816887837,36,4.166666666666667,4.5,5,technology science and research,6,0,30,6.0,0.0,0.0,0.0,0.0,0.0,6.0,0.0,0.0,0.0,0.0,0.0,0.0,0.0,6.0,0.0,0.0,6.0,0.0,0.0,0.0,0.0,0.0,0.0,0.0
841418439,64,3.5,4.0,4,e-commerce,16,0,48,0.0,0.0,0.0,0.0,0.0,8.0,8.0,8.0,0.0,0.0,0.0,0.0,0.0,0.0,0.0,0.0,8.0,0.0,8.0,0.0,0.0,0.0,0.0,8.0,0.0
848513793,121,3.909090909090909,4.0,5,government and public services,22,0,99,11.0,11.0,0.0,11.0,0.0,11.0,11.0,11.0,0.0,0.0,0.0,0.0,11.0,0.0,11.0,0.0,0.0,0.0,0.0,0.0,0.0,0.0,0.0,11.0,0.0
853326546,5,3.3333333333333335,4.0,4,technology science and research,2,0,3,0.0,0.0,0.0,0.0,0.0,0.0,2.0,2.0,0.0,0.0,0.0,0.0,0.0,0.0,0.0,0.0,0.0,0.0,0.0,0.0,0.0,0.0,0.0,0.0,0.0
901536746,16,3.75,3.5,5,streaming platforms,8,0,8,0.0,0.0,0.0,0.0,0.0,0.0,4.0,0.0,0.0,0.0,0.0,0.0,0.0,0.0,0.0,0.0,4.0,0.0,0.0,0.0,4.0,0.0,0.0,4.0,0.0
944160244,81,3.888888888888889,4.0,5,government and public services,18,0,63,0.0,0.0,0.0,0.0,0.0,9.0,9.0,0.0,9.0,9.0,0.0,0.0,0.0,0.0,0.0,0.0,9.0,0.0,9.0,0.0,0.0,9.0,0.0,9.0,0.0
997556472,16,3.25,3.0,4,government and public services,4,0,12,0.0,0.0,0.0,0.0,0.0,0.0,4.0,0.0,0.0,0.0,0.0,0.0,4.0,0.0,0.0,0.0,0.0,0.0,0.0,0.0,0.0,0.0,4.0,4.0,0.0
1023432310,81,3.4444444444444446,4.0,5,technology science and research,18,0,63,0.0,9.0,0.0,0.0,9.0,9.0,9.0,9.0,0.0,0.0,0.0,0.0,0.0,0.0,0.0,0.0,0.0,0.0,9.0,9.0,0.0,0.0,9.0,9.0,0.0
1028755231,64,3.625,4.0,5,technology science and research,16,0,48,0.0,0.0,0.0,0.0,0.0,8.0,8.0,8.0,0.0,8.0,0.0,0.0,0.0,0.0,0.0,0.0,0.0,0.0,8.0,8.0,0.0,0.0,8.0,8.0,0.0
1036859048,25,3.2,3.0,4,government and public services,5,0,20,0.0,0.0,0.0,0.0,0.0,0.0,5.0,5.0,0.0,0.0,0.0,0.0,5.0,0.0,0.0,0.0,0.0,0.0,5.0,0.0,0.0,0.0,0.0,5.0,0.0
1041759486,36,3.8333333333333335,4.0,5,news and media,12,0,24,0.0,0.0,0.0,0.0,6.0,0.0,6.0,0.0,0.0,0.0,0.0,6.0,0.0,0.0,0.0,0.0,0.0,6.0,0.0,0.0,0.0,0.0,0.0,6.0,0.0
1058560753,1,4.0,4.0,4,technology science and research,1,0,0,0.0,0.0,0.0,0.0,0.0,0.0,1.0,0.0,0.0,0.0,0.0,0.0,0.0,0.0,0.0,0.0,0.0,0.0,0.0,0.0,0.0,0.0,0.0,0.0,0.0
1072199356,4,3.0,3.0,3,technology science and research,0,0,4,0.0,0.0,0.0,0.0,0.0,0.0,0.0,0.0,0.0,0.0,0.0,0.0,2.0,0.0,0.0,0.0,0.0,0.0,0.0,0.0,0.0,0.0,0.0,2.0,0.0
1083829665,9,3.3333333333333335,4.0,4,e-commerce,6,0,3,0.0,0.0,0.0,0.0,0.0,3.0,3.0,3.0,0.0,0.0,0.0,0.0,0.0,0.0,0.0,0.0,0.0,0.0,0.0,0.0,0.0,0.0,0.0,0.0,0.0
1105435317,10,3.25,3.0,4,technology science and research,0,0,10,0.0,0.0,0.0,0.0,0.0,0.0,0.0,0.0,0.0,0.0,0.0,0.0,0.0,0.0,0.0,0.0,3.0,0.0,0.0,0.0,0.0,0.0,3.0,3.0,0.0
1112632392,169,3.8461538461538463,4.0,5,e-commerce,39,0,130,0.0,0.0,0.0,0.0,0.0,0.0,13.0,13.0,13.0,13.0,0.0,13.0,0.0,0.0,0.0,0.0,0.0,13.0,13.0,13.0,13.0,0.0,13.0,0.0,0.0
1115295724,64,3.5,3.5,5,news and media,16,0,48,0.0,0.0,0.0,0.0,0.0,8.0,8.0,8.0,0.0,0.0,0.0,0.0,8.0,0.0,8.0,0.0,0.0,8.0,8.0,0.0,0.0,0.0,8.0,0.0,0.0
1161701424,169,3.3846153846153846,3.0,5,government and public services,13,0,156,0.0,13.0,0.0,0.0,0.0,0.0,13.0,13.0,13.0,0.0,0.0,0.0,0.0,0.0,0.0,0.0,0.0,13.0,13.0,0.0,0.0,0.0,13.0,13.0,0.0
1248925021,144,3.75,4.0,5,streaming platforms,24,0,120,12.0,0.0,0.0,0.0,0.0,12.0,12.0,0.0,0.0,0.0,12.0,0.0,12.0,0.0,12.0,0.0,12.0,0.0,12.0,0.0,0.0,12.0,0.0,12.0,0.0
1253615845,10,3.5,3.5,4,technology science and research,0,0,10,0.0,0.0,0.0,0.0,0.0,0.0,0.0,0.0,0.0,0.0,0.0,0.0,0.0,0.0,0.0,0.0,3.0,0.0,3.0,0.0,0.0,0.0,3.0,0.0,0.0
1266621207,2,4.0,4.0,4,technology science and research,1,0,1,0.0,0.0,0.0,0.0,0.0,0.0,1.0,0.0,0.0,0.0,0.0,0.0,0.0,0.0,0.0,0.0,0.0,0.0,0.0,0.0,0.0,0.0,0.0,0.0,0.0
1270397352,4,3.0,3.0,3,technology science and research,0,0,4,0.0,0.0,0.0,0.0,0.0,0.0,0.0,0.0,0.0,0.0,0.0,0.0,0.0,0.0,0.0,0.0,0.0,2.0,0.0,0.0,0.0,0.0,0.0,2.0,0.0
1344325832,64,3.25,3.0,5,technology science and research,8,0,56,0.0,8.0,0.0,0.0,0.0,0.0,8.0,8.0,0.0,8.0,0.0,0.0,0.0,0.0,8.0,0.0,0.0,0.0,0.0,0.0,0.0,0.0,0.0,8.0,8.0
1373328769,16,3.5,3.5,4,streaming platforms,0,0,16,0.0,0.0,0.0,0.0,0.0,0.0,0.0,0.0,4.0,0.0,0.0,0.0,0.0,0.0,0.0,0.0,4.0,0.0,0.0,0.0,0.0,0.0,0.0,4.0,0.0
1394450881,9,3.3333333333333335,4.0,4,streaming platforms,3,0,6,3.0,0.0,0.0,0.0,0.0,0.0,3.0,3.0,0.0,0.0,0.0,0.0,0.0,0.0,0.0,0.0,0.0,0.0,0.0,0.0,0.0,0.0,0.0,0.0,0.0
1402472951,9,3.0,3.0,3,streaming platforms,0,0,9,0.0,0.0,0.0,0.0,0.0,0.0,0.0,0.0,0.0,0.0,0.0,0.0,0.0,0.0,0.0,0.0,3.0,0.0,0.0,0.0,0.0,0.0,3.0,3.0,0.0
1433604318,64,3.25,3.0,4,news and media,16,0,48,0.0,0.0,0.0,0.0,0.0,8.0,8.0,0.0,0.0,0.0,0.0,0.0,0.0,0.0,0.0,8.0,0.0,8.0,0.0,0.0,0.0,8.0,8.0,8.0,0.0
1472999600,81,3.5555555555555554,4.0,5,streaming platforms,18,0,63,9.0,0.0,0.0,0.0,0.0,9.0,9.0,9.0,9.0,0.0,9.0,0.0,9.0,0.0,9.0,0.0,0.0,0.0,0.0,9.0,0.0,0.0,0.0,0.0,0.0
1488388154,9,4.0,4.0,4,technology science and research,6,0,3,0.0,0.0,0.0,0.0,0.0,0.0,3.0,0.0,0.0,0.0,0.0,3.0,0.0,0.0,0.0,0.0,0.0,0.0,3.0,0.0,0.0,0.0,0.0,0.0,0.0
1499175565,9,3.3333333333333335,3.0,4,educational platforms,0,0,9,0.0,0.0,0.0,0.0,0.0,0.0,0.0,0.0,0.0,0.0,0.0,0.0,0.0,3.0,0.0,0.0,3.0,0.0,0.0,0.0,0.0,0.0,0.0,3.0,0.0
1506920243,16,3.25,3.0,4,government and public services,0,0,16,0.0,0.0,0.0,0.0,0.0,0.0,0.0,0.0,0.0,0.0,0.0,0.0,0.0,4.0,0.0,0.0,4.0,0.0,0.0,0.0,0.0,0.0,4.0,4.0,0.0
1521860334,25,2.8,3.0,4,government and public services,0,0,25,0.0,5.0,0.0,0.0,0.0,0.0,0.0,5.0,0.0,0.0,0.0,0.0,0.0,0.0,0.0,0.0,0.0,5.0,0.0,0.0,0.0,0.0,0.0,5.0,0.0
1539544757,9,3.0,3.0,4,technology science and research,3,0,6,0.0,0.0,0.0,0.0,0.0,0.0,3.0,0.0,0.0,0.0,3.0,0.0,0.0,0.0,0.0,0.0,0.0,0.0,0.0,0.0,0.0,0.0,0.0,0.0,0.0
1631804793,64,3.75,4.0,5,government and public services,8,0,56,8.0,0.0,0.0,8.0,0.0,0.0,8.0,8.0,0.0,0.0,0.0,0.0,0.0,0.0,0.0,0.0,0.0,8.0,8.0,0.0,0.0,0.0,0.0,0.0,0.0
1683921588,1,5.0,5.0,5,technology science and research,0,0,1,0.0,0.0,0.0,0.0,0.0,0.0,0.0,0.0,0.0,0.0,0.0,0.0,0.0,0.0,0.0,0.0,0.0,0.0,0.0,0.0,0.0,0.0,0.0,0.0,0.0
1712224681,16,3.75,3.5,5,news and media,4,0,12,0.0,0.0,0.0,0.0,0.0,0.0,4.0,0.0,0.0,0.0,0.0,0.0,0.0,0.0,4.0,0.0,0.0,4.0,0.0,0.0,0.0,0.0,4.0,0.0,0.0
1746488226,64,3.5,3.5,5,streaming platforms,8,0,56,8.0,8.0,0.0,0.0,0.0,0.0,8.0,0.0,8.0,8.0,0.0,0.0,0.0,0.0,0.0,0.0,0.0,8.0,0.0,0.0,0.0,0.0,0.0,0.0,0.0
1767084624,81,3.4444444444444446,3.0,5,streaming platforms,18,0,63,0.0,9.0,0.0,0.0,0.0,9.0,9.0,0.0,0.0,9.0,9.0,0.0,0.0,0.0,0.0,0.0,9.0,9.0,0.0,0.0,0.0,0.0,0.0,9.0,0.0
1782594227,4,3.0,3.0,3,educational platforms,0,0,4,0.0,0.0,0.0,0.0,0.0,0.0,0.0,0.0,0.0,0.0,0.0,0.0,0.0,0.0,0.0,0.0,2.0,0.0,0.0,0.0,0.0,0.0,0.0,2.0,0.0
1822721092,25,3.4,4.0,4,streaming platforms,5,0,20,0.0,0.0,0.0,0.0,0.0,0.0,5.0,0.0,0.0,0.0,5.0,0.0,0.0,0.0,0.0,0.0,0.0,0.0,5.0,0.0,0.0,0.0,0.0,5.0,0.0
1850054633,81,4.111111111111111,4.0,5,technology science and research,18,0,63,0.0,0.0,0.0,0.0,9.0,9.0,9.0,9.0,9.0,9.0,0.0,0.0,0.0,0.0,0.0,0.0,0.0,0.0,9.0,0.0,0.0,0.0,0.0,0.0,0.0
1851235277,25,3.8,4.0,5,e-commerce,10,0,15,0.0,0.0,0.0,0.0,0.0,0.0,5.0,0.0,0.0,0.0,0.0,0.0,0.0,5.0,0.0,0.0,5.0,0.0,0.0,0.0,5.0,0.0,0.0,5.0,0.0
1856386766,144,4.0,4.0,5,educational platforms,36,0,108,0.0,0.0,12.0,0.0,0.0,12.0,12.0,0.0,0.0,0.0,0.0,0.0,0.0,12.0,0.0,0.0,12.0,0.0,12.0,12.0,12.0,0.0,0.0,12.0,0.0
1866132720,121,3.272727272727273,3.0,5,news and media,22,0,99,0.0,0.0,0.0,0.0,0.0,11.0,11.0,11.0,0.0,0.0,0.0,0.0,11.0,0.0,11.0,11.0,11.0,0.0,11.0,0.0,0.0,0.0,11.0,11.0,11.0
1885857067,16,3.25,3.5,4,streaming platforms,8,0,8,0.0,0.0,0.0,0.0,0.0,4.0,4.0,0.0,0.0,0.0,0.0,0.0,0.0,0.0,0.0,4.0,0.0,0.0,0.0,0.0,0.0,0.0,4.0,0.0,0.0
1902084907,25,3.2,3.0,4,news and media,10,0,15,0.0,0.0,0.0,0.0,0.0,5.0,5.0,0.0,0.0,0.0,5.0,0.0,5.0,0.0,0.0,0.0,0.0,0.0,0.0,0.0,0.0,0.0,0.0,5.0,0.0
1930985973,64,4.125,4.0,5,educational platforms,16,0,48,0.0,0.0,8.0,0.0,0.0,0.0,8.0,0.0,0.0,0.0,0.0,0.0,0.0,0.0,0.0,0.0,0.0,8.0,8.0,0.0,8.0,0.0,0.0,0.0,0.0
1950445330,9,3.3333333333333335,4.0,4,government and public services,3,0,6,0.0,0.0,0.0,0.0,0.0,0.0,3.0,3.0,0.0,0.0,0.0,0.0,0.0,0.0,0.0,0.0,0.0,0.0,0.0,0.0,0.0,0.0,0.0,0.0,0.0
1957689776,64,3.5,3.5,5,e-commerce,8,0,56,0.0,8.0,0.0,0.0,8.0,0.0,8.0,0.0,0.0,0.0,0.0,0.0,0.0,0.0,8.0,0.0,0.0,0.0,8.0,0.0,0.0,0.0,8.0,8.0,0.0
1963641873,16,2.75,2.5,4,health and wellness,0,0,16,0.0,0.0,0.0,0.0,0.0,0.0,0.0,4.0,0.0,0.0,4.0,0.0,0.0,0.0,0.0,0.0,0.0,4.0,0.0,0.0,0.0,0.0,0.0,0.0,0.0
1966382623,100,3.3,3.0,5,news and media,10,0,90,0.0,0.0,0.0,0.0,0.0,0.0,10.0,10.0,0.0,0.0,0.0,0.0,10.0,0.0,10.0,0.0,10.0,0.0,10.0,0.0,0.0,0.0,10.0,10.0,10.0
2001421671,225,3.4,3.0,4,educational platforms,45,0,180,45.0,0.0,0.0,0.0,0.0,0.0,45.0,0.0,0.0,0.0,0.0,0.0,0.0,0.0,0.0,0.0,0.0,45.0,0.0,0.0,0.0,0.0,0.0,0.0,0.0
2044150440,25,3.6,4.0,5,streaming platforms,5,0,20,0.0,0.0,0.0,0.0,0.0,0.0,5.0,0.0,0.0,0.0,5.0,0.0,0.0,0.0,5.0,0.0,0.0,0.0,5.0,0.0,0.0,0.0,5.0,0.0,0.0
2099407450,16,3.25,3.0,4,government and public services,0,0,16,0.0,0.0,0.0,0.0,0.0,0.0,0.0,0.0,0.0,0.0,0.0,0.0,4.0,0.0,0.0,0.0,0.0,0.0,4.0,0.0,0.0,0.0,4.0,4.0,0.0
2103007653,9,3.6666666666666665,4.0,4,educational platforms,6,0,3,0.0,0.0,0.0,0.0,0.0,3.0,3.0,0.0,0.0,0.0,0.0,0.0,3.0,0.0,0.0,0.0,0.0,0.0,0.0,0.0,0.0,0.0,0.0,0.0,0.0
2128318591,9,3.0,3.0,3,government and public services,0,0,9,0.0,0.0,0.0,0.0,0.0,0.0,0.0,0.0,0.0,0.0,0.0,0.0,0.0,0.0,0.0,0.0,0.0,3.0,0.0,0.0,0.0,0.0,0.0,0.0,0.0
2176046364,49,3.7142857142857144,3.0,5,technology science and research,7,0,42,0.0,0.0,0.0,0.0,7.0,0.0,0.0,0.0,0.0,0.0,0.0,0.0,7.0,7.0,0.0,0.0,0.0,7.0,0.0,0.0,7.0,0.0,0.0,0.0,0.0
2178564963,1,3.0,3.0,3,e-commerce,0,0,1,0.0,0.0,0.0,0.0,0.0,0.0,0.0,0.0,0.0,0.0,0.0,0.0,0.0,0.0,0.0,0.0,0.0,0.0,0.0,0.0,0.0,0.0,1.0,0.0,0.0
2182179087,5,2.6666666666666665,2.0,4,technology science and research,2,0,3,0.0,0.0,0.0,0.0,0.0,0.0,2.0,2.0,0.0,0.0,0.0,0.0,0.0,0.0,0.0,0.0,0.0,0.0,0.0,0.0,0.0,0.0,0.0,0.0,0.0
2235305803,36,3.5,3.5,5,streaming platforms,6,0,30,0.0,0.0,0.0,0.0,0.0,0.0,6.0,6.0,0.0,0.0,0.0,0.0,0.0,0.0,0.0,0.0,6.0,0.0,0.0,6.0,0.0,0.0,0.0,6.0,0.0
2241802183,16,3.75,4.0,5,news and media,8,0,8,0.0,0.0,0.0,0.0,0.0,0.0,4.0,0.0,0.0,4.0,0.0,0.0,0.0,0.0,0.0,0.0,0.0,0.0,4.0,0.0,0.0,0.0,0.0,0.0,0.0
2254872401,36,3.5,4.0,4,e-commerce,6,0,30,6.0,0.0,0.0,0.0,0.0,0.0,6.0,6.0,0.0,0.0,0.0,0.0,0.0,0.0,0.0,0.0,0.0,0.0,0.0,0.0,0.0,0.0,6.0,0.0,0.0
2279899774,25,3.2,3.0,4,government and public services,10,0,15,0.0,0.0,0.0,0.0,0.0,5.0,5.0,5.0,0.0,0.0,0.0,0.0,0.0,0.0,0.0,0.0,0.0,0.0,0.0,0.0,0.0,0.0,5.0,5.0,0.0
2344724610,2,3.0,3.0,4,technology science and research,1,0,1,0.0,0.0,0.0,0.0,0.0,0.0,1.0,0.0,0.0,0.0,0.0,0.0,0.0,0.0,0.0,0.0,0.0,0.0,0.0,0.0,0.0,0.0,0.0,0.0,0.0
2421931133,27,3.6,4.0,4,educational platforms,15,0,12,0.0,0.0,0.0,0.0,0.0,0.0,15.0,0.0,0.0,0.0,0.0,0.0,0.0,0.0,0.0,0.0,0.0,0.0,0.0,0.0,0.0,0.0,0.0,12.0,0.0
2459242315,25,3.4,3.0,4,streaming platforms,0,0,25,0.0,0.0,0.0,0.0,0.0,0.0,0.0,0.0,0.0,0.0,0.0,0.0,0.0,5.0,0.0,0.0,5.0,0.0,5.0,0.0,0.0,0.0,5.0,5.0,0.0
2480140715,49,3.0,3.0,5,government and public services,7,0,42,0.0,7.0,0.0,0.0,7.0,0.0,7.0,7.0,0.0,0.0,0.0,0.0,0.0,0.0,0.0,0.0,0.0,7.0,0.0,0.0,0.0,0.0,0.0,0.0,0.0
2527413330,25,3.4,3.0,4,news and media,10,0,15,0.0,0.0,0.0,0.0,0.0,5.0,5.0,0.0,0.0,0.0,0.0,0.0,5.0,0.0,0.0,0.0,0.0,0.0,0.0,0.0,0.0,0.0,5.0,5.0,0.0
2530989927,49,3.5714285714285716,3.0,5,news and media,7,0,42,0.0,0.0,0.0,0.0,0.0,0.0,7.0,0.0,0.0,0.0,0.0,0.0,7.0,0.0,7.0,0.0,0.0,7.0,7.0,0.0,0.0,0.0,0.0,7.0,0.0
2542497289,16,3.5,3.5,4,news and media,0,0,16,0.0,0.0,0.0,0.0,0.0,0.0,0.0,0.0,0.0,0.0,0.0,0.0,0.0,4.0,0.0,0.0,4.0,0.0,0.0,0.0,0.0,0.0,4.0,0.0,0.0
2551766233,9,3.6666666666666665,4.0,4,educational platforms,3,0,6,0.0,0.0,0.0,0.0,0.0,0.0,3.0,0.0,0.0,0.0,0.0,0.0,0.0,0.0,0.0,0.0,0.0,0.0,3.0,0.0,0.0,0.0,3.0,0.0,0.0
2561699022,9,3.3333333333333335,3.0,4,government and public services,0,0,9,0.0,0.0,0.0,0.0,0.0,0.0,0.0,0.0,0.0,0.0,0.0,0.0,0.0,3.0,0.0,0.0,3.0,0.0,0.0,0.0,0.0,0.0,0.0,3.0,0.0
2583591840,9,3.3333333333333335,3.0,4,health and wellness,3,0,6,0.0,0.0,0.0,0.0,0.0,0.0,3.0,0.0,0.0,0.0,0.0,0.0,3.0,0.0,0.0,0.0,0.0,0.0,0.0,0.0,0.0,0.0,0.0,3.0,0.0
2588940216,36,3.6666666666666665,4.0,5,streaming platforms,6,0,30,0.0,0.0,0.0,0.0,0.0,0.0,6.0,0.0,0.0,0.0,6.0,0.0,0.0,0.0,6.0,0.0,0.0,0.0,6.0,0.0,0.0,0.0,0.0,6.0,0.0
2605949885,64,3.75,4.0,5,news and media,16,0,48,0.0,0.0,0.0,0.0,8.0,8.0,8.0,0.0,0.0,0.0,0.0,0.0,0.0,8.0,0.0,0.0,0.0,8.0,8.0,0.0,0.0,0.0,0.0,8.0,0.0
2644215829,25,3.6,3.0,5,government and public services,5,0,20,5.0,0.0,0.0,0.0,0.0,0.0,0.0,0.0,0.0,0.0,0.0,5.0,5.0,0.0,0.0,0.0,0.0,5.0,0.0,0.0,0.0,0.0,0.0,5.0,0.0
2647735504,81,3.6666666666666665,4.0,5,e-commerce,9,0,72,9.0,0.0,0.0,0.0,0.0,0.0,9.0,9.0,9.0,0.0,0.0,0.0,0.0,0.0,0.0,0.0,9.0,0.0,9.0,0.0,0.0,0.0,0.0,9.0,0.0
2656435105,144,3.4166666666666665,3.5,5,news and media,48,0,96,0.0,0.0,0.0,0.0,0.0,12.0,12.0,12.0,12.0,0.0,0.0,12.0,12.0,0.0,12.0,0.0,12.0,0.0,12.0,0.0,0.0,0.0,12.0,12.0,0.0
2681794065,100,3.4,3.0,5,streaming platforms,30,0,70,0.0,0.0,0.0,0.0,0.0,10.0,10.0,0.0,0.0,0.0,10.0,0.0,10.0,0.0,0.0,0.0,10.0,10.0,10.0,0.0,10.0,0.0,10.0,10.0,0.0
2761488864,49,3.5714285714285716,4.0,5,streaming platforms,14,0,35,0.0,0.0,0.0,0.0,0.0,7.0,7.0,0.0,0.0,0.0,7.0,0.0,0.0,0.0,7.0,0.0,0.0,7.0,7.0,0.0,0.0,0.0,0.0,0.0,0.0
2781254041,196,3.5714285714285716,3.5,5,news and media,42,0,154,0.0,0.0,0.0,14.0,14.0,14.0,14.0,14.0,0.0,14.0,14.0,14.0,0.0,0.0,0.0,0.0,14.0,14.0,14.0,0.0,0.0,0.0,14.0,14.0,14.0
2786295051,16,4.0,4.0,5,educational platforms,8,0,8,4.0,0.0,0.0,0.0,0.0,4.0,4.0,0.0,0.0,0.0,0.0,0.0,0.0,0.0,0.0,0.0,0.0,0.0,0.0,0.0,0.0,0.0,0.0,4.0,0.0
2797271121,36,3.5,3.5,5,educational platforms,12,0,24,0.0,0.0,0.0,0.0,0.0,6.0,6.0,6.0,0.0,0.0,0.0,0.0,6.0,0.0,6.0,0.0,0.0,0.0,0.0,0.0,0.0,0.0,0.0,6.0,0.0
2839400116,49,3.2857142857142856,3.0,4,educational platforms,14,0,35,0.0,0.0,0.0,0.0,0.0,7.0,7.0,7.0,0.0,0.0,0.0,0.0,0.0,0.0,0.0,0.0,7.0,0.0,7.0,0.0,0.0,0.0,7.0,7.0,0.0
2848237884,36,3.6666666666666665,4.0,5,government and public services,6,0,30,0.0,6.0,0.0,0.0,0.0,0.0,6.0,0.0,6.0,6.0,0.0,0.0,0.0,0.0,0.0,0.0,0.0,0.0,0.0,0.0,0.0,0.0,0.0,6.0,0.0
2853208851,16,3.5,3.5,4,streaming platforms,8,0,8,0.0,0.0,0.0,0.0,0.0,4.0,4.0,0.0,0.0,0.0,0.0,0.0,4.0,0.0,0.0,0.0,0.0,4.0,0.0,0.0,0.0,0.0,0.0,0.0,0.0
2937956084,4,2.5,2.5,3,streaming platforms,0,0,4,0.0,0.0,0.0,0.0,0.0,0.0,0.0,2.0,0.0,0.0,0.0,0.0,0.0,0.0,0.0,0.0,0.0,0.0,0.0,0.0,0.0,0.0,2.0,0.0,0.0
2973108458,9,3.6666666666666665,4.0,4,news and media,6,0,3,0.0,0.0,0.0,0.0,0.0,3.0,3.0,0.0,0.0,0.0,0.0,0.0,0.0,0.0,0.0,0.0,0.0,3.0,0.0,0.0,0.0,0.0,0.0,0.0,0.0
2996541679,25,4.4,5.0,5,streaming platforms,10,0,15,0.0,0.0,0.0,5.0,5.0,0.0,5.0,0.0,0.0,0.0,0.0,0.0,0.0,0.0,0.0,0.0,0.0,0.0,0.0,0.0,5.0,0.0,0.0,5.0,0.0
2998356382,36,2.8333333333333335,3.0,4,news and media,6,0,30,0.0,6.0,0.0,0.0,0.0,0.0,6.0,6.0,0.0,0.0,0.0,0.0,0.0,0.0,0.0,0.0,0.0,6.0,0.0,0.0,0.0,0.0,6.0,6.0,0.0
3038375729,64,3.875,4.0,5,technology science and research,24,0,40,0.0,0.0,0.0,0.0,0.0,8.0,8.0,0.0,0.0,0.0,0.0,0.0,0.0,8.0,8.0,0.0,8.0,0.0,0.0,0.0,8.0,0.0,8.0,8.0,0.0
3085396104,18,3.3333333333333335,3.0,4,educational platforms,0,0,18,0.0,0.0,0.0,0.0,0.0,0.0,0.0,0.0,0.0,0.0,0.0,0.0,0.0,0.0,0.0,0.0,6.0,0.0,0.0,0.0,0.0,0.0,6.0,0.0,0.0
3101899065,3,4.0,4.0,4,technologyscienceresearch,1,0,1,0.0,0.0,0.0,0.0,0.0,0.0,1.0,0.0,0.0,0.0,0.0,0.0,0.0,0.0,0.0,0.0,0.0,0.0,0.0,0.0,0.0,0.0,0.0,0.0,0.0
3109021059,9,3.3333333333333335,3.0,4,technology science and research,0,0,9,0.0,0.0,0.0,0.0,0.0,0.0,0.0,0.0,0.0,0.0,0.0,0.0,0.0,3.0,0.0,0.0,3.0,0.0,0.0,0.0,0.0,0.0,0.0,3.0,0.0
3131917710,64,3.75,4.0,5,educational platforms,24,0,40,8.0,0.0,8.0,0.0,0.0,8.0,8.0,8.0,0.0,0.0,0.0,8.0,0.0,0.0,0.0,0.0,0.0,0.0,8.0,0.0,0.0,0.0,0.0,8.0,0.0
3150148978,36,3.3333333333333335,3.0,4,e-commerce,6,0,30,0.0,0.0,0.0,0.0,0.0,0.0,6.0,0.0,0.0,0.0,0.0,0.0,6.0,0.0,0.0,0.0,6.0,6.0,0.0,6.0,0.0,0.0,0.0,6.0,0.0
3176249728,16,3.5,3.0,5,streaming platforms,0,0,16,0.0,0.0,0.0,0.0,0.0,0.0,0.0,0.0,0.0,0.0,0.0,0.0,0.0,0.0,4.0,0.0,4.0,0.0,0.0,0.0,0.0,0.0,4.0,4.0,0.0
3221942806,9,4.0,4.0,4,technology science and research,6,0,3,0.0,0.0,0.0,0.0,0.0,3.0,3.0,0.0,0.0,0.0,0.0,0.0,0.0,0.0,0.0,0.0,0.0,0.0,0.0,0.0,0.0,0.0,0.0,0.0,0.0
3231484510,36,3.6666666666666665,4.0,5,technology science and research,12,0,24,0.0,0.0,0.0,0.0,0.0,0.0,6.0,0.0,0.0,0.0,0.0,0.0,0.0,6.0,6.0,0.0,0.0,0.0,6.0,0.0,0.0,0.0,6.0,0.0,0.0
3257894929,25,3.6,3.0,5,streaming platforms,0,0,25,0.0,0.0,0.0,0.0,0.0,0.0,0.0,5.0,0.0,5.0,0.0,0.0,0.0,0.0,5.0,0.0,5.0,0.0,0.0,0.0,0.0,0.0,0.0,5.0,0.0
3281832154,25,3.4,3.0,4,technology science and research,10,0,15,0.0,0.0,0.0,0.0,0.0,5.0,5.0,0.0,0.0,0.0,0.0,0.0,0.0,0.0,0.0,0.0,5.0,5.0,0.0,0.0,0.0,0.0,0.0,5.0,0.0
3317334630,36,3.8333333333333335,4.0,5,streaming platforms,18,0,18,0.0,0.0,0.0,0.0,0.0,6.0,6.0,0.0,0.0,0.0,0.0,0.0,0.0,0.0,0.0,0.0,6.0,0.0,0.0,0.0,6.0,0.0,6.0,0.0,0.0
3374636661,81,3.4444444444444446,4.0,5,news and media,27,0,54,0.0,0.0,0.0,0.0,0.0,9.0,9.0,9.0,9.0,0.0,0.0,0.0,9.0,0.0,0.0,9.0,0.0,0.0,9.0,0.0,9.0,0.0,0.0,9.0,0.0
3377503893,16,3.75,4.0,4,educational platforms,8,0,8,0.0,0.0,0.0,0.0,0.0,4.0,4.0,0.0,0.0,0.0,0.0,0.0,0.0,0.0,0.0,0.0,0.0,0.0,4.0,0.0,0.0,0.0,4.0,0.0,0.0
3472695288,81,3.2222222222222223,3.0,4,government and public services,9,0,72,0.0,0.0,0.0,0.0,0.0,0.0,9.0,0.0,0.0,0.0,0.0,0.0,0.0,0.0,0.0,0.0,0.0,9.0,0.0,0.0,0.0,0.0,9.0,9.0,0.0
3479547415,25,3.8,4.0,5,news and media,5,0,20,0.0,0.0,0.0,0.0,0.0,0.0,5.0,0.0,0.0,0.0,0.0,0.0,0.0,0.0,5.0,0.0,0.0,0.0,5.0,0.0,0.0,0.0,5.0,5.0,0.0
3531794931,36,3.5,3.5,5,news and media,18,0,18,0.0,0.0,0.0,0.0,0.0,6.0,6.0,6.0,0.0,0.0,0.0,0.0,0.0,0.0,0.0,0.0,6.0,0.0,0.0,0.0,6.0,0.0,0.0,6.0,0.0
3538180808,16,3.5,3.0,5,government and public services,0,0,16,0.0,0.0,0.0,0.0,0.0,0.0,0.0,0.0,0.0,0.0,0.0,0.0,0.0,0.0,4.0,0.0,4.0,0.0,0.0,0.0,0.0,0.0,4.0,4.0,0.0
3546013468,1,4.0,4.0,4,technology science and research,1,0,0,0.0,0.0,0.0,0.0,0.0,0.0,1.0,0.0,0.0,0.0,0.0,0.0,0.0,0.0,0.0,0.0,0.0,0.0,0.0,0.0,0.0,0.0,0.0,0.0,0.0
3548409958,16,3.25,3.5,4,technology science and research,8,0,8,0.0,0.0,0.0,0.0,0.0,0.0,4.0,4.0,0.0,0.0,0.0,4.0,0.0,0.0,0.0,0.0,0.0,0.0,0.0,0.0,0.0,0.0,4.0,0.0,0.0
3562170487,64,2.75,2.5,4,streaming platforms,24,0,40,0.0,8.0,0.0,0.0,0.0,8.0,8.0,8.0,0.0,0.0,0.0,0.0,0.0,0.0,0.0,0.0,0.0,0.0,0.0,0.0,0.0,0.0,8.0,8.0,0.0
3563193797,17,3.6,3.0,5,technology science and research,0,0,17,0.0,0.0,0.0,0.0,0.0,0.0,0.0,0.0,0.0,0.0,0.0,0.0,0.0,0.0,0.0,0.0,4.0,0.0,0.0,0.0,0.0,0.0,4.0,4.0,0.0
3629420269,9,3.3333333333333335,4.0,4,educational platforms,6,0,3,0.0,0.0,0.0,0.0,0.0,3.0,3.0,3.0,0.0,0.0,0.0,0.0,0.0,0.0,0.0,0.0,0.0,0.0,0.0,0.0,0.0,0.0,0.0,0.0,0.0
3701517235,64,3.5,3.5,5,news and media,16,0,48,0.0,0.0,0.0,0.0,8.0,8.0,8.0,8.0,0.0,0.0,0.0,0.0,0.0,0.0,0.0,0.0,0.0,8.0,8.0,0.0,0.0,0.0,0.0,8.0,0.0
3731007183,49,3.7142857142857144,4.0,5,educational platforms,14,0,35,0.0,0.0,0.0,0.0,0.0,7.0,7.0,0.0,0.0,0.0,0.0,0.0,7.0,0.0,7.0,0.0,7.0,0.0,7.0,0.0,0.0,0.0,0.0,7.0,0.0
3787975237,121,3.8181818181818183,4.0,5,news and media,22,0,99,0.0,0.0,0.0,0.0,11.0,11.0,11.0,11.0,11.0,11.0,0.0,0.0,11.0,0.0,0.0,0.0,0.0,0.0,0.0,0.0,0.0,11.0,0.0,11.0,0.0
3805747062,16,3.0,3.0,4,streaming platforms,0,0,16,0.0,0.0,0.0,0.0,0.0,0.0,0.0,4.0,0.0,0.0,0.0,0.0,0.0,0.0,0.0,0.0,4.0,0.0,0.0,0.0,0.0,0.0,4.0,0.0,0.0
3838269417,49,4.0,4.0,5,technology science and research,7,0,42,0.0,0.0,0.0,0.0,7.0,0.0,7.0,0.0,0.0,0.0,0.0,0.0,0.0,0.0,7.0,0.0,7.0,0.0,7.0,0.0,0.0,7.0,0.0,7.0,0.0
3842572222,4,3.0,3.0,4,news and media,2,0,2,0.0,0.0,0.0,0.0,0.0,0.0,2.0,2.0,0.0,0.0,0.0,0.0,0.0,0.0,0.0,0.0,0.0,0.0,0.0,0.0,0.0,0.0,0.0,0.0,0.0
3871549955,5,3.6666666666666665,4.0,5,technology science and research,2,0,3,0.0,0.0,0.0,0.0,0.0,0.0,2.0,2.0,0.0,0.0,0.0,0.0,0.0,0.0,0.0,0.0,0.0,0.0,0.0,0.0,0.0,0.0,0.0,0.0,0.0
3876207056,1,4.0,4.0,4,government and public services,1,0,0,0.0,0.0,0.0,0.0,0.0,0.0,1.0,0.0,0.0,0.0,0.0,0.0,0.0,0.0,0.0,0.0,0.0,0.0,0.0,0.0,0.0,0.0,0.0,0.0,0.0
3900495188,4,3.5,3.5,4,educational platforms,2,0,2,0.0,0.0,0.0,0.0,0.0,0.0,2.0,0.0,0.0,0.0,0.0,0.0,0.0,0.0,0.0,0.0,0.0,0.0,0.0,0.0,0.0,0.0,0.0,2.0,0.0
3936345126,81,3.4444444444444446,3.0,4,news and media,27,0,54,0.0,0.0,0.0,0.0,0.0,9.0,9.0,0.0,0.0,0.0,0.0,9.0,9.0,0.0,0.0,0.0,0.0,9.0,9.0,0.0,0.0,0.0,0.0,9.0,0.0
3951256293,25,4.0,4.0,4,educational platforms,10,0,15,0.0,0.0,0.0,0.0,0.0,5.0,5.0,0.0,0.0,0.0,0.0,0.0,0.0,0.0,0.0,0.0,0.0,0.0,5.0,0.0,0.0,0.0,0.0,0.0,0.0
3962126274,9,3.3333333333333335,3.0,4,e-commerce,0,0,9,0.0,0.0,0.0,0.0,0.0,0.0,0.0,0.0,0.0,0.0,0.0,0.0,0.0,3.0,0.0,0.0,3.0,0.0,0.0,0.0,0.0,0.0,0.0,3.0,0.0
3962772074,2,4.0,4.0,4,technology science and research,1,0,1,0.0,0.0,0.0,0.0,0.0,0.0,1.0,0.0,0.0,0.0,0.0,0.0,0.0,0.0,0.0,0.0,0.0,0.0,0.0,0.0,0.0,0.0,0.0,0.0,0.0
3978893713,2,3.5,3.5,4,technology science and research,1,0,1,0.0,0.0,0.0,0.0,0.0,0.0,1.0,0.0,0.0,0.0,0.0,0.0,0.0,0.0,0.0,0.0,0.0,0.0,0.0,0.0,0.0,0.0,0.0,0.0,0.0
3996855574,25,3.2,3.0,4,educational platforms,10,0,15,0.0,0.0,0.0,0.0,0.0,5.0,5.0,0.0,0.0,0.0,0.0,0.0,0.0,0.0,0.0,5.0,5.0,0.0,0.0,0.0,0.0,0.0,0.0,5.0,0.0
4073569427,1,3.0,3.0,3,educational platforms,0,0,1,0.0,0.0,0.0,0.0,0.0,0.0,0.0,0.0,0.0,0.0,0.0,0.0,0.0,0.0,0.0,0.0,0.0,0.0,0.0,0.0,0.0,0.0,0.0,1.0,0.0
4078511185,36,3.1666666666666665,3.0,4,government and public services,6,0,30,0.0,0.0,0.0,0.0,0.0,0.0,6.0,0.0,0.0,0.0,0.0,0.0,6.0,0.0,0.0,0.0,0.0,6.0,0.0,0.0,0.0,0.0,6.0,6.0,0.0
4085447448,25,3.0,3.0,4,government and public services,5,0,20,0.0,0.0,0.0,0.0,0.0,0.0,5.0,0.0,0.0,0.0,0.0,0.0,0.0,0.0,0.0,5.0,0.0,5.0,0.0,0.0,0.0,0.0,0.0,0.0,0.0
4097069082,16,3.25,3.5,4,streaming platforms,8,0,8,0.0,0.0,0.0,0.0,0.0,4.0,4.0,0.0,0.0,0.0,0.0,0.0,0.0,0.0,0.0,4.0,0.0,4.0,0.0,0.0,0.0,0.0,0.0,0.0,0.0
4113932095,49,3.2857142857142856,3.0,4,educational platforms,14,0,35,0.0,0.0,0.0,0.0,0.0,7.0,7.0,7.0,0.0,0.0,0.0,0.0,7.0,0.0,0.0,0.0,0.0,7.0,7.0,0.0,0.0,0.0,0.0,0.0,0.0
4116548132,1,4.0,4.0,4,technology science and research,1,0,0,0.0,0.0,0.0,0.0,0.0,0.0,1.0,0.0,0.0,0.0,0.0,0.0,0.0,0.0,0.0,0.0,0.0,0.0,0.0,0.0,0.0,0.0,0.0,0.0,0.0
4157596408,36,3.3333333333333335,3.5,4,news and media,12,0,24,0.0,0.0,0.0,0.0,0.0,6.0,6.0,6.0,6.0,0.0,0.0,0.0,6.0,0.0,0.0,0.0,0.0,6.0,0.0,0.0,0.0,0.0,0.0,0.0,0.0
4183809767,16,3.75,3.5,5,government and public services,4,0,12,0.0,0.0,4.0,0.0,0.0,0.0,4.0,0.0,0.0,0.0,0.0,0.0,0.0,0.0,0.0,0.0,0.0,0.0,0.0,0.0,0.0,0.0,4.0,4.0,0.0
4224720555,100,4.0,4.0,5,e-commerce,30,0,70,0.0,10.0,0.0,0.0,0.0,10.0,10.0,0.0,0.0,0.0,0.0,10.0,0.0,0.0,10.0,0.0,0.0,0.0,10.0,0.0,0.0,0.0,0.0,10.0,0.0
4244958066,10,3.25,3.0,4,technology science and research,0,0,10,0.0,0.0,0.0,0.0,0.0,0.0,0.0,0.0,0.0,0.0,0.0,0.0,0.0,0.0,0.0,0.0,3.0,0.0,0.0,0.0,0.0,0.0,3.0,3.0,0.0
4246706624,25,3.4,3.0,4,news and media,0,0,25,0.0,0.0,0.0,0.0,0.0,0.0,0.0,0.0,0.0,0.0,0.0,0.0,0.0,5.0,0.0,0.0,5.0,0.0,0.0,0.0,0.0,0.0,5.0,5.0,0.0
4264400098,100,4.0,4.0,5,e-commerce,20,0,80,10.0,10.0,10.0,0.0,0.0,10.0,10.0,10.0,0.0,10.0,0.0,0.0,0.0,0.0,0.0,0.0,0.0,0.0,10.0,0.0,0.0,0.0,0.0,0.0,0.0
4321301368,121,3.4545454545454546,4.0,5,news and media,22,0,99,11.0,11.0,0.0,0.0,0.0,0.0,11.0,11.0,0.0,0.0,0.0,11.0,0.0,0.0,0.0,0.0,11.0,11.0,0.0,11.0,0.0,0.0,0.0,11.0,0.0
4336372604,16,3.5,3.5,4,streaming platforms,0,0,16,0.0,0.0,0.0,0.0,0.0,0.0,0.0,0.0,0.0,0.0,0.0,0.0,0.0,4.0,0.0,0.0,4.0,0.0,0.0,0.0,0.0,0.0,0.0,4.0,0.0
4339903018,49,3.4285714285714284,3.0,4,educational platforms,14,0,35,0.0,0.0,0.0,0.0,0.0,7.0,7.0,0.0,0.0,0.0,0.0,0.0,7.0,7.0,0.0,0.0,0.0,7.0,0.0,0.0,0.0,0.0,0.0,0.0,0.0
4355727937,49,3.5714285714285716,4.0,5,streaming platforms,14,0,35,0.0,0.0,0.0,0.0,0.0,7.0,7.0,7.0,0.0,0.0,0.0,0.0,0.0,0.0,0.0,0.0,7.0,0.0,7.0,0.0,0.0,0.0,0.0,7.0,0.0
4365991990,100,4.0,4.0,5,streaming platforms,20,0,80,0.0,0.0,10.0,0.0,0.0,10.0,10.0,10.0,0.0,0.0,0.0,0.0,0.0,0.0,10.0,0.0,10.0,0.0,10.0,0.0,0.0,0.0,0.0,10.0,0.0
4374409465,17,3.6,3.0,5,technology science and research,0,0,17,0.0,0.0,0.0,0.0,0.0,0.0,0.0,0.0,0.0,0.0,0.0,0.0,0.0,0.0,0.0,0.0,4.0,0.0,0.0,0.0,0.0,0.0,4.0,4.0,0.0
4391300162,25,3.6,4.0,5,e-commerce,5,0,20,5.0,0.0,0.0,0.0,5.0,0.0,5.0,5.0,0.0,0.0,0.0,0.0,0.0,0.0,0.0,0.0,0.0,0.0,0.0,0.0,0.0,0.0,0.0,5.0,0.0
4456160312,16,3.75,4.0,4,e-commerce,4,0,12,0.0,0.0,0.0,0.0,0.0,0.0,4.0,0.0,0.0,0.0,0.0,0.0,0.0,0.0,0.0,0.0,0.0,4.0,4.0,0.0,0.0,0.0,0.0,0.0,0.0
4473637646,49,3.4285714285714284,3.0,5,educational platforms,14,0,35,0.0,0.0,0.0,0.0,0.0,0.0,7.0,7.0,0.0,0.0,0.0,0.0,0.0,0.0,0.0,7.0,7.0,0.0,0.0,0.0,7.0,0.0,0.0,7.0,0.0
4528812531,25,3.8,4.0,5,streaming platforms,10,0,15,0.0,0.0,0.0,0.0,5.0,5.0,5.0,0.0,0.0,0.0,0.0,0.0,0.0,0.0,0.0,0.0,5.0,0.0,0.0,0.0,0.0,0.0,0.0,5.0,0.0
4643564980,5,3.3333333333333335,4.0,4,technology science and research,2,0,2,0.0,0.0,0.0,0.0,0.0,0.0,2.0,2.0,0.0,0.0,0.0,0.0,0.0,0.0,0.0,0.0,0.0,0.0,0.0,0.0,0.0,0.0,0.0,0.0,0.0
4710657151,9,4.0,4.0,5,technology science and research,3,0,6,0.0,0.0,0.0,0.0,0.0,0.0,3.0,0.0,0.0,0.0,0.0,0.0,0.0,0.0,3.0,0.0,0.0,0.0,0.0,0.0,0.0,0.0,3.0,0.0,0.0
4751627646,1,4.0,4.0,4,government and public services,1,0,0,0.0,0.0,0.0,0.0,0.0,0.0,1.0,0.0,0.0,0.0,0.0,0.0,0.0,0.0,0.0,0.0,0.0,0.0,0.0,0.0,0.0,0.0,0.0,0.0,0.0
4763170911,64,3.875,4.0,5,technology science and research,24,0,40,0.0,0.0,0.0,0.0,0.0,8.0,8.0,0.0,8.0,0.0,0.0,8.0,0.0,0.0,8.0,0.0,8.0,0.0,8.0,0.0,0.0,0.0,0.0,8.0,0.0
4770170269,144,4.0,4.0,5,government and public services,36,0,108,0.0,0.0,0.0,0.0,12.0,12.0,12.0,12.0,0.0,0.0,0.0,0.0,0.0,12.0,12.0,0.0,0.0,0.0,12.0,12.0,12.0,0.0,12.0,12.0,0.0
4781756887,64,3.75,4.0,5,educational platforms,16,0,48,0.0,0.0,0.0,8.0,0.0,8.0,8.0,8.0,8.0,8.0,0.0,0.0,8.0,0.0,0.0,0.0,0.0,8.0,0.0,0.0,0.0,0.0,0.0,0.0,0.0
4807426702,4,3.0,3.0,3,technology science and research,0,0,4,0.0,0.0,0.0,0.0,0.0,0.0,0.0,0.0,0.0,0.0,0.0,0.0,0.0,0.0,0.0,0.0,2.0,0.0,0.0,0.0,0.0,0.0,2.0,0.0,0.0
4840230107,64,3.75,4.0,5,educational platforms,16,0,48,8.0,0.0,0.0,0.0,0.0,8.0,8.0,0.0,0.0,0.0,0.0,0.0,8.0,0.0,8.0,0.0,8.0,0.0,8.0,0.0,0.0,0.0,0.0,8.0,0.0
4841476546,9,3.6666666666666665,4.0,4,educational platforms,3,0,6,0.0,0.0,0.0,0.0,0.0,0.0,3.0,0.0,0.0,0.0,0.0,0.0,0.0,0.0,0.0,0.0,0.0,0.0,0.0,0.0,0.0,3.0,0.0,3.0,0.0
4843063990,1,4.0,4.0,4,government and public services,1,0,0,0.0,0.0,0.0,0.0,0.0,0.0,1.0,0.0,0.0,0.0,0.0,0.0,0.0,0.0,0.0,0.0,0.0,0.0,0.0,0.0,0.0,0.0,0.0,0.0,0.0
4872839958,49,3.2857142857142856,3.0,5,streaming platforms,14,0,35,0.0,0.0,0.0,0.0,0.0,0.0,7.0,7.0,0.0,0.0,0.0,0.0,7.0,0.0,0.0,0.0,7.0,7.0,0.0,0.0,7.0,0.0,0.0,7.0,0.0
4888426482,225,3.533333333333333,3.0,5,news and media,60,0,165,0.0,0.0,0.0,0.0,15.0,15.0,15.0,15.0,0.0,0.0,0.0,15.0,0.0,0.0,0.0,0.0,15.0,15.0,15.0,0.0,15.0,0.0,15.0,15.0,0.0
4912544535,537,3.739130434782609,4.0,5,educational platforms,123,0,414,0.0,0.0,0.0,0.0,0.0,27.0,27.0,69.0,0.0,0.0,0.0,0.0,69.0,0.0,69.0,0.0,0.0,0.0,69.0,0.0,69.0,0.0,0.0,69.0,0.0
4925950366,57,4.0,4.0,5,e-commerce,21,0,36,0.0,0.0,0.0,0.0,0.0,7.0,7.0,0.0,0.0,0.0,0.0,0.0,0.0,7.0,7.0,0.0,7.0,0.0,0.0,0.0,7.0,0.0,0.0,7.0,0.0
4927888957,9,3.3333333333333335,3.0,4,educational platforms,0,0,9,0.0,0.0,0.0,0.0,0.0,0.0,0.0,0.0,0.0,0.0,0.0,0.0,0.0,3.0,0.0,0.0,3.0,0.0,0.0,0.0,0.0,0.0,0.0,3.0,0.0
4970188583,9,3.3333333333333335,4.0,4,technology science and research,6,0,3,0.0,0.0,0.0,0.0,0.0,3.0,3.0,3.0,0.0,0.0,0.0,0.0,0.0,0.0,0.0,0.0,0.0,0.0,0.0,0.0,0.0,0.0,0.0,0.0,0.0
4974750346,144,3.3333333333333335,3.0,5,news and media,36,0,108,0.0,0.0,0.0,0.0,12.0,12.0,12.0,12.0,0.0,0.0,12.0,0.0,12.0,0.0,0.0,12.0,12.0,0.0,12.0,0.0,12.0,0.0,0.0,12.0,12.0
5008414810,64,3.5,3.5,5,e-commerce,8,0,56,8.0,0.0,0.0,0.0,0.0,0.0,8.0,8.0,0.0,0.0,0.0,0.0,0.0,0.0,0.0,0.0,0.0,8.0,0.0,0.0,0.0,0.0,0.0,0.0,0.0
5052508376,64,3.25,3.0,4,educational platforms,8,0,56,0.0,0.0,0.0,0.0,0.0,0.0,8.0,8.0,8.0,0.0,0.0,0.0,8.0,0.0,0.0,0.0,0.0,8.0,8.0,0.0,0.0,0.0,0.0,8.0,0.0
5064908942,49,3.2857142857142856,4.0,4,government and public services,14,0,35,0.0,7.0,0.0,0.0,0.0,7.0,7.0,7.0,0.0,0.0,0.0,0.0,0.0,0.0,0.0,0.0,0.0,0.0,0.0,0.0,0.0,0.0,7.0,0.0,0.0
5100047719,36,3.3333333333333335,3.5,4,news and media,12,0,24,0.0,0.0,0.0,0.0,0.0,6.0,6.0,6.0,0.0,0.0,0.0,0.0,0.0,0.0,0.0,0.0,0.0,6.0,0.0,0.0,0.0,0.0,0.0,6.0,0.0
5108022623,16,3.5,3.5,5,news and media,4,0,12,0.0,0.0,0.0,0.0,0.0,0.0,4.0,4.0,0.0,0.0,0.0,0.0,0.0,0.0,4.0,0.0,0.0,0.0,0.0,0.0,0.0,0.0,0.0,4.0,0.0
5117799549,144,3.5833333333333335,3.5,5,e-commerce,48,0,96,12.0,0.0,0.0,0.0,0.0,12.0,12.0,0.0,0.0,0.0,0.0,12.0,0.0,0.0,0.0,0.0,12.0,12.0,0.0,12.0,0.0,0.0,12.0,12.0,0.0
5138684180,324,3.888888888888889,4.0,5,technology science and research,18,0,306,0.0,0.0,18.0,0.0,18.0,0.0,18.0,18.0,0.0,18.0,18.0,0.0,18.0,0.0,0.0,0.0,18.0,0.0,18.0,18.0,0.0,18.0,0.0,18.0,0.0
5151103662,10,3.75,3.5,5,technology science and research,0,0,10,0.0,0.0,0.0,0.0,0.0,0.0,0.0,0.0,0.0,0.0,0.0,0.0,0.0,0.0,0.0,0.0,3.0,0.0,0.0,0.0,0.0,0.0,3.0,0.0,0.0
5224083866,16,3.25,3.0,4,technology science and research,0,0,16,0.0,0.0,0.0,0.0,0.0,0.0,0.0,0.0,0.0,0.0,0.0,0.0,0.0,0.0,0.0,0.0,4.0,0.0,0.0,0.0,0.0,0.0,4.0,4.0,0.0
5256418738,4,3.0,3.0,3,e-commerce,0,0,4,0.0,0.0,0.0,0.0,0.0,0.0,0.0,0.0,0.0,0.0,0.0,0.0,0.0,0.0,0.0,0.0,2.0,0.0,0.0,0.0,0.0,0.0,0.0,2.0,0.0
5258548666,36,3.6666666666666665,4.0,4,streaming platforms,12,0,24,0.0,0.0,0.0,0.0,0.0,6.0,6.0,0.0,0.0,0.0,0.0,0.0,0.0,6.0,0.0,0.0,6.0,0.0,6.0,0.0,0.0,0.0,0.0,6.0,0.0
5263734580,64,3.5,3.5,5,technology science and research,16,0,48,0.0,0.0,0.0,0.0,0.0,8.0,8.0,8.0,0.0,0.0,0.0,0.0,8.0,0.0,8.0,0.0,8.0,0.0,8.0,0.0,0.0,0.0,0.0,8.0,0.0
5275238699,64,3.625,4.0,5,news and media,24,0,40,0.0,0.0,0.0,0.0,8.0,8.0,8.0,8.0,0.0,0.0,0.0,8.0,0.0,0.0,0.0,0.0,0.0,8.0,0.0,0.0,0.0,0.0,0.0,8.0,0.0
5316008758,36,2.8333333333333335,3.0,4,government and public services,6,0,30,0.0,6.0,0.0,0.0,0.0,0.0,6.0,6.0,0.0,0.0,0.0,0.0,6.0,0.0,0.0,0.0,0.0,6.0,0.0,0.0,0.0,0.0,0.0,6.0,0.0
5318769506,25,3.6,4.0,4,news and media,15,0,10,0.0,0.0,0.0,0.0,0.0,5.0,5.0,5.0,0.0,0.0,0.0,5.0,0.0,0.0,0.0,0.0,0.0,0.0,5.0,0.0,0.0,0.0,0.0,0.0,0.0
5350616698,64,3.625,4.0,5,technology science and research,16,0,48,0.0,8.0,0.0,0.0,0.0,8.0,8.0,8.0,0.0,0.0,0.0,0.0,0.0,0.0,8.0,0.0,0.0,8.0,0.0,0.0,0.0,0.0,0.0,0.0,0.0
5351185237,49,3.5714285714285716,3.0,5,e-commerce,0,0,49,7.0,0.0,0.0,0.0,0.0,0.0,0.0,7.0,0.0,0.0,0.0,0.0,0.0,0.0,0.0,0.0,0.0,7.0,0.0,0.0,0.0,0.0,7.0,7.0,0.0
5356854547,4,3.5,3.5,4,government and public services,2,0,2,0.0,0.0,0.0,0.0,0.0,0.0,2.0,0.0,0.0,0.0,0.0,0.0,0.0,0.0,0.0,0.0,0.0,0.0,0.0,0.0,0.0,0.0,0.0,2.0,0.0
5376893347,9,3.3333333333333335,3.0,4,health and wellness,3,0,6,0.0,0.0,0.0,0.0,0.0,0.0,3.0,0.0,0.0,0.0,0.0,0.0,0.0,0.0,0.0,0.0,0.0,0.0,0.0,0.0,0.0,0.0,3.0,3.0,0.0
5385474195,16,3.75,3.5,5,technology science and research,4,0,12,0.0,0.0,0.0,4.0,0.0,0.0,4.0,0.0,0.0,0.0,0.0,0.0,4.0,0.0,0.0,0.0,0.0,0.0,0.0,0.0,0.0,0.0,0.0,0.0,0.0
5418069070,49,3.7142857142857144,4.0,5,e-commerce,14,0,35,7.0,0.0,0.0,0.0,7.0,7.0,7.0,7.0,0.0,0.0,0.0,0.0,0.0,0.0,0.0,0.0,0.0,0.0,0.0,0.0,0.0,0.0,7.0,0.0,0.0
5419658127,169,4.0,4.0,5,educational platforms,39,0,130,0.0,0.0,13.0,0.0,13.0,13.0,13.0,0.0,0.0,0.0,0.0,0.0,13.0,0.0,13.0,13.0,0.0,13.0,13.0,0.0,13.0,13.0,0.0,13.0,0.0
5424827103,4,3.0,3.0,3,educational platforms,0,0,4,0.0,0.0,0.0,0.0,0.0,0.0,0.0,0.0,0.0,0.0,0.0,0.0,0.0,0.0,0.0,0.0,0.0,0.0,0.0,0.0,0.0,0.0,0.0,0.0,0.0
5439488327,25,3.2,3.0,4,government and public services,5,0,20,0.0,0.0,0.0,0.0,0.0,0.0,5.0,0.0,0.0,0.0,0.0,0.0,0.0,5.0,0.0,5.0,0.0,5.0,0.0,0.0,0.0,0.0,0.0,5.0,0.0
5477862853,49,3.4285714285714284,4.0,4,educational platforms,21,0,28,0.0,0.0,0.0,0.0,0.0,7.0,7.0,7.0,0.0,0.0,0.0,7.0,0.0,0.0,0.0,0.0,7.0,0.0,7.0,0.0,0.0,0.0,0.0,7.0,0.0
5483640632,64,3.5,3.5,5,technology science and research,16,0,48,0.0,8.0,0.0,0.0,0.0,0.0,8.0,8.0,0.0,0.0,0.0,8.0,0.0,0.0,8.0,0.0,0.0,8.0,0.0,0.0,0.0,0.0,0.0,0.0,0.0
5511408010,36,3.1666666666666665,3.0,4,government and public services,0,0,36,0.0,0.0,0.0,0.0,0.0,0.0,0.0,0.0,0.0,0.0,6.0,0.0,6.0,0.0,0.0,0.0,0.0,0.0,6.0,0.0,0.0,0.0,6.0,6.0,0.0
5537562569,25,3.6,4.0,5,streaming platforms,10,0,15,0.0,0.0,0.0,0.0,0.0,5.0,5.0,5.0,0.0,5.0,0.0,0.0,0.0,0.0,0.0,0.0,0.0,0.0,0.0,0.0,0.0,0.0,0.0,5.0,0.0
5627013288,81,3.3333333333333335,3.0,5,educational platforms,18,0,63,9.0,0.0,0.0,0.0,0.0,9.0,9.0,9.0,0.0,0.0,9.0,0.0,9.0,0.0,0.0,0.0,9.0,0.0,9.0,0.0,0.0,0.0,0.0,9.0,0.0
5627798358,64,3.625,3.5,5,news and media,8,0,56,0.0,0.0,0.0,0.0,0.0,0.0,8.0,8.0,0.0,0.0,0.0,0.0,0.0,0.0,8.0,0.0,0.0,8.0,8.0,0.0,0.0,0.0,0.0,8.0,8.0
5653019337,49,3.5714285714285716,4.0,5,technology science and research,14,0,35,0.0,0.0,0.0,0.0,0.0,7.0,7.0,7.0,0.0,7.0,0.0,0.0,7.0,0.0,0.0,0.0,0.0,0.0,7.0,0.0,0.0,0.0,0.0,7.0,0.0
5653366561,121,3.5454545454545454,3.0,5,news and media,33,0,88,0.0,0.0,0.0,0.0,0.0,11.0,11.0,11.0,0.0,0.0,0.0,0.0,0.0,0.0,11.0,0.0,11.0,11.0,11.0,0.0,11.0,0.0,11.0,11.0,0.0
5671992993,64,3.5,3.5,5,educational platforms,16,0,48,8.0,0.0,0.0,0.0,0.0,8.0,8.0,8.0,0.0,0.0,0.0,0.0,8.0,0.0,0.0,0.0,0.0,0.0,8.0,0.0,0.0,0.0,8.0,8.0,0.0
5794675406,36,3.0,3.0,4,news and media,6,0,30,0.0,6.0,0.0,0.0,0.0,0.0,6.0,0.0,0.0,0.0,0.0,0.0,0.0,0.0,0.0,0.0,0.0,6.0,0.0,0.0,0.0,0.0,6.0,0.0,0.0
5827428762,4,4.0,4.0,4,educational platforms,4,0,0,0.0,0.0,0.0,0.0,0.0,2.0,2.0,0.0,0.0,0.0,0.0,0.0,0.0,0.0,0.0,0.0,0.0,0.0,0.0,0.0,0.0,0.0,0.0,0.0,0.0
5881075695,9,3.3333333333333335,3.0,4,technology science and research,3,0,6,0.0,0.0,0.0,0.0,0.0,0.0,3.0,0.0,0.0,0.0,0.0,0.0,0.0,0.0,0.0,0.0,3.0,0.0,0.0,0.0,0.0,0.0,0.0,3.0,0.0
5921955571,100,3.3,3.5,5,news and media,30,0,70,10.0,0.0,0.0,10.0,0.0,10.0,10.0,0.0,0.0,0.0,10.0,0.0,0.0,0.0,0.0,10.0,0.0,0.0,0.0,0.0,0.0,0.0,10.0,10.0,0.0
5964897764,9,5.0,5.0,5,educational platforms,0,0,9,0.0,0.0,0.0,0.0,0.0,0.0,0.0,0.0,0.0,0.0,0.0,0.0,0.0,0.0,0.0,0.0,0.0,0.0,0.0,0.0,0.0,0.0,0.0,0.0,0.0
5992521276,64,3.875,4.0,5,news and media,16,0,48,0.0,0.0,0.0,0.0,8.0,8.0,8.0,8.0,8.0,0.0,0.0,0.0,0.0,0.0,8.0,0.0,0.0,0.0,8.0,0.0,0.0,0.0,8.0,0.0,0.0
6027797305,25,4.2,4.0,5,technology science and research,5,0,20,0.0,0.0,0.0,0.0,5.0,0.0,5.0,0.0,0.0,0.0,0.0,0.0,5.0,0.0,5.0,0.0,0.0,0.0,0.0,5.0,0.0,0.0,0.0,0.0,0.0
6130539113,64,3.0,3.0,4,news and media,8,0,56,0.0,0.0,0.0,0.0,0.0,0.0,8.0,8.0,0.0,0.0,0.0,0.0,0.0,0.0,0.0,8.0,8.0,0.0,8.0,0.0,0.0,0.0,8.0,8.0,0.0
6153424620,81,4.0,4.0,5,e-commerce,27,0,54,0.0,0.0,9.0,0.0,0.0,9.0,9.0,0.0,0.0,0.0,0.0,0.0,0.0,0.0,9.0,0.0,9.0,0.0,0.0,0.0,9.0,0.0,9.0,9.0,0.0
6171806211,16,3.0,3.0,4,government and public services,4,0,12,0.0,0.0,0.0,0.0,0.0,0.0,4.0,4.0,0.0,0.0,0.0,0.0,4.0,0.0,0.0,0.0,0.0,0.0,0.0,0.0,0.0,0.0,0.0,4.0,0.0
6223584289,25,3.2,3.0,4,educational platforms,10,0,15,0.0,0.0,0.0,0.0,0.0,5.0,5.0,5.0,0.0,0.0,0.0,0.0,0.0,0.0,0.0,0.0,5.0,0.0,0.0,0.0,0.0,0.0,0.0,5.0,0.0
6234431059,36,3.3333333333333335,3.5,4,streaming platforms,12,0,24,0.0,6.0,0.0,0.0,0.0,6.0,6.0,0.0,0.0,0.0,0.0,0.0,0.0,0.0,0.0,0.0,6.0,0.0,6.0,0.0,0.0,0.0,0.0,6.0,0.0
6256204254,121,3.4545454545454546,4.0,5,news and media,33,0,88,0.0,11.0,0.0,0.0,0.0,11.0,11.0,11.0,0.0,0.0,0.0,11.0,11.0,0.0,11.0,0.0,0.0,11.0,11.0,0.0,0.0,0.0,0.0,11.0,0.0
6323163136,4,4.5,4.5,5,educational platforms,2,0,2,0.0,0.0,0.0,0.0,2.0,0.0,2.0,0.0,0.0,0.0,0.0,0.0,0.0,0.0,0.0,0.0,0.0,0.0,0.0,0.0,0.0,0.0,0.0,0.0,0.0
6392990708,36,3.0,3.0,5,streaming platforms,0,0,36,0.0,0.0,0.0,0.0,6.0,0.0,0.0,6.0,0.0,0.0,6.0,0.0,6.0,0.0,0.0,0.0,0.0,0.0,0.0,0.0,0.0,0.0,6.0,6.0,0.0
6405568922,36,3.6666666666666665,4.0,5,news and media,12,0,24,0.0,0.0,0.0,0.0,0.0,6.0,6.0,6.0,0.0,0.0,0.0,0.0,0.0,0.0,6.0,0.0,0.0,0.0,6.0,0.0,0.0,0.0,0.0,6.0,0.0
6413090819,9,3.6666666666666665,4.0,4,educational platforms,6,0,3,0.0,0.0,0.0,0.0,0.0,3.0,3.0,0.0,0.0,0.0,0.0,0.0,0.0,0.0,0.0,0.0,0.0,0.0,0.0,0.0,0.0,0.0,0.0,3.0,0.0
6465448582,9,3.3333333333333335,3.0,4,e-commerce,0,0,9,0.0,0.0,0.0,0.0,0.0,0.0,0.0,0.0,0.0,0.0,0.0,0.0,0.0,3.0,0.0,0.0,3.0,0.0,0.0,0.0,0.0,0.0,0.0,3.0,0.0
6479190649,121,3.1818181818181817,3.0,5,news and media,11,0,110,0.0,0.0,0.0,0.0,0.0,0.0,11.0,11.0,0.0,0.0,0.0,0.0,11.0,0.0,11.0,11.0,11.0,0.0,11.0,0.0,0.0,0.0,11.0,11.0,11.0
6479733415,25,4.0,4.0,5,streaming platforms,10,0,15,0.0,0.0,0.0,0.0,5.0,5.0,5.0,0.0,0.0,0.0,0.0,0.0,0.0,0.0,0.0,0.0,0.0,0.0,0.0,0.0,0.0,0.0,5.0,0.0,0.0
6529673719,196,3.4285714285714284,3.0,5,educational platforms,56,0,140,0.0,0.0,0.0,0.0,0.0,28.0,28.0,28.0,0.0,0.0,0.0,0.0,0.0,0.0,0.0,0.0,28.0,0.0,0.0,0.0,0.0,0.0,28.0,28.0,0.0
6570560458,2,4.5,4.5,5,technology science and research,1,0,1,0.0,0.0,0.0,0.0,0.0,0.0,1.0,0.0,0.0,0.0,0.0,0.0,0.0,0.0,0.0,0.0,0.0,0.0,0.0,0.0,0.0,0.0,0.0,0.0,0.0
6579152806,4,3.5,3.5,4,technology science and research,2,0,2,0.0,0.0,0.0,0.0,0.0,0.0,2.0,0.0,0.0,0.0,0.0,0.0,0.0,0.0,0.0,0.0,0.0,0.0,0.0,0.0,0.0,0.0,0.0,2.0,0.0
6654382965,256,3.625,4.0,5,news and media,48,0,208,0.0,0.0,0.0,0.0,16.0,16.0,16.0,0.0,0.0,16.0,16.0,16.0,16.0,0.0,16.0,16.0,16.0,16.0,16.0,0.0,0.0,16.0,16.0,16.0,0.0
6658823136,49,3.7142857142857144,4.0,4,news and media,14,0,35,0.0,0.0,0.0,0.0,0.0,7.0,7.0,0.0,0.0,0.0,0.0,0.0,0.0,0.0,0.0,0.0,7.0,0.0,0.0,7.0,0.0,0.0,0.0,7.0,0.0
6666281102,25,3.2,3.0,4,educational platforms,5,0,20,0.0,0.0,0.0,0.0,0.0,0.0,5.0,0.0,0.0,0.0,0.0,0.0,5.0,0.0,0.0,0.0,5.0,0.0,0.0,0.0,0.0,0.0,5.0,5.0,0.0
6699878654,81,3.7777777777777777,4.0,5,news and media,18,0,63,0.0,0.0,0.0,0.0,0.0,9.0,9.0,0.0,0.0,0.0,0.0,0.0,0.0,0.0,9.0,0.0,0.0,9.0,9.0,0.0,0.0,0.0,9.0,9.0,0.0
6744278124,16,3.25,3.5,4,educational platforms,8,0,8,0.0,0.0,0.0,0.0,0.0,4.0,4.0,4.0,0.0,0.0,0.0,0.0,4.0,0.0,0.0,0.0,0.0,0.0,0.0,0.0,0.0,0.0,0.0,0.0,0.0
6768581677,25,3.0,3.0,4,educational platforms,5,0,20,0.0,0.0,0.0,0.0,0.0,0.0,5.0,5.0,0.0,0.0,0.0,0.0,5.0,0.0,0.0,0.0,0.0,5.0,0.0,0.0,0.0,0.0,0.0,5.0,0.0
6772200394,9,3.0,3.0,4,technology science and research,0,0,9,0.0,0.0,0.0,0.0,0.0,0.0,0.0,3.0,0.0,0.0,0.0,0.0,3.0,0.0,0.0,0.0,0.0,0.0,0.0,3.0,0.0,0.0,0.0,0.0,0.0
6786271985,49,3.5714285714285716,4.0,5,educational platforms,21,0,28,0.0,0.0,0.0,0.0,0.0,7.0,7.0,0.0,0.0,0.0,0.0,0.0,0.0,7.0,0.0,7.0,7.0,0.0,0.0,0.0,7.0,0.0,0.0,7.0,0.0
6787611399,9,3.3333333333333335,3.0,4,news and media,3,0,6,0.0,0.0,0.0,0.0,0.0,0.0,3.0,0.0,0.0,0.0,0.0,0.0,0.0,0.0,0.0,0.0,0.0,0.0,0.0,0.0,0.0,0.0,3.0,3.0,0.0
6794078706,9,3.3333333333333335,3.0,4,e-commerce,0,0,9,0.0,0.0,0.0,0.0,0.0,0.0,0.0,0.0,0.0,0.0,0.0,0.0,0.0,3.0,0.0,0.0,3.0,0.0,0.0,0.0,0.0,0.0,0.0,3.0,0.0
6801509843,16,3.25,3.0,5,e-commerce,0,0,16,0.0,0.0,0.0,0.0,0.0,0.0,0.0,4.0,0.0,4.0,0.0,0.0,0.0,0.0,0.0,0.0,0.0,4.0,0.0,0.0,0.0,0.0,4.0,0.0,0.0
6901236114,4,3.0,3.0,3,streaming platforms,0,0,4,0.0,0.0,0.0,0.0,0.0,0.0,0.0,0.0,0.0,0.0,0.0,0.0,0.0,0.0,0.0,0.0,2.0,0.0,0.0,0.0,0.0,0.0,0.0,2.0,0.0
6909367836,49,3.2857142857142856,3.0,5,news and media,7,0,42,0.0,7.0,0.0,0.0,0.0,0.0,7.0,0.0,0.0,7.0,0.0,0.0,0.0,0.0,0.0,0.0,0.0,7.0,0.0,0.0,0.0,0.0,7.0,7.0,0.0
6933375342,16,3.75,3.5,5,e-commerce,8,0,8,0.0,0.0,0.0,0.0,0.0,0.0,4.0,0.0,0.0,0.0,0.0,0.0,0.0,0.0,0.0,0.0,4.0,0.0,0.0,0.0,4.0,0.0,0.0,4.0,0.0
6976784819,169,3.3846153846153846,3.0,5,e-commerce,26,0,143,0.0,0.0,0.0,0.0,0.0,13.0,13.0,13.0,0.0,0.0,0.0,0.0,13.0,0.0,13.0,0.0,13.0,13.0,13.0,0.0,0.0,0.0,13.0,13.0,0.0
7014268699,36,3.6666666666666665,4.0,4,technology science and research,18,0,18,0.0,0.0,0.0,0.0,0.0,6.0,6.0,0.0,0.0,0.0,0.0,6.0,0.0,0.0,0.0,0.0,6.0,0.0,0.0,6.0,0.0,0.0,0.0,6.0,0.0
7024248304,9,3.0,3.0,3,technology science and research,0,0,9,0.0,0.0,0.0,0.0,0.0,0.0,0.0,0.0,0.0,0.0,0.0,0.0,3.0,0.0,0.0,0.0,0.0,3.0,0.0,0.0,0.0,0.0,0.0,3.0,0.0
7056899377,64,4.0,4.0,5,technology science and research,16,0,48,0.0,0.0,0.0,0.0,0.0,8.0,8.0,0.0,0.0,0.0,0.0,0.0,0.0,8.0,8.0,0.0,8.0,0.0,8.0,0.0,0.0,0.0,0.0,8.0,0.0
7100506634,4,3.5,3.5,4,educational platforms,2,0,2,0.0,0.0,0.0,0.0,0.0,0.0,2.0,0.0,0.0,0.0,0.0,0.0,0.0,0.0,0.0,0.0,0.0,0.0,0.0,0.0,0.0,0.0,0.0,2.0,0.0
7124602025,100,3.6,4.0,5,news and media,30,0,70,0.0,0.0,0.0,0.0,0.0,10.0,10.0,10.0,10.0,0.0,0.0,10.0,10.0,0.0,10.0,0.0,0.0,0.0,0.0,10.0,0.0,0.0,10.0,10.0,0.0
7151218343,16,3.75,4.0,4,government and public services,4,0,12,0.0,0.0,0.0,0.0,0.0,0.0,4.0,0.0,4.0,0.0,0.0,0.0,0.0,0.0,0.0,0.0,0.0,0.0,0.0,0.0,0.0,0.0,0.0,4.0,0.0
7169554469,121,3.4545454545454546,3.0,5,news and media,22,0,99,0.0,11.0,0.0,0.0,0.0,11.0,11.0,11.0,0.0,0.0,0.0,0.0,11.0,0.0,11.0,0.0,0.0,0.0,0.0,0.0,0.0,0.0,11.0,11.0,0.0
7201688552,36,3.1666666666666665,3.0,4,news and media,0,0,36,0.0,0.0,0.0,0.0,0.0,0.0,0.0,0.0,0.0,0.0,6.0,0.0,0.0,6.0,0.0,0.0,6.0,0.0,0.0,0.0,0.0,0.0,6.0,6.0,0.0
7273535364,25,3.8,4.0,5,news and media,5,0,20,0.0,0.0,0.0,0.0,0.0,0.0,5.0,5.0,0.0,5.0,0.0,0.0,0.0,0.0,5.0,0.0,0.0,0.0,0.0,0.0,0.0,0.0,0.0,5.0,0.0
7320503111,36,3.1666666666666665,3.0,4,news and media,0,0,36,0.0,0.0,0.0,0.0,0.0,0.0,0.0,0.0,0.0,0.0,6.0,0.0,0.0,6.0,0.0,0.0,6.0,0.0,0.0,0.0,0.0,0.0,6.0,6.0,0.0
7343118135,36,4.0,4.0,5,streaming platforms,18,0,18,0.0,0.0,0.0,0.0,0.0,6.0,6.0,0.0,0.0,0.0,0.0,0.0,0.0,0.0,6.0,0.0,6.0,0.0,0.0,0.0,6.0,0.0,0.0,6.0,0.0
7386667211,16,3.75,4.0,5,streaming platforms,0,0,16,0.0,0.0,0.0,0.0,0.0,0.0,0.0,4.0,0.0,4.0,0.0,0.0,0.0,0.0,4.0,0.0,0.0,0.0,0.0,0.0,0.0,0.0,0.0,4.0,0.0
7423931758,64,3.75,4.0,5,government and public services,0,0,64,0.0,0.0,0.0,0.0,0.0,0.0,0.0,8.0,0.0,8.0,0.0,0.0,0.0,0.0,8.0,0.0,8.0,0.0,8.0,8.0,0.0,0.0,0.0,8.0,0.0
7443295495,4,4.0,4.0,4,streaming platforms,4,0,0,0.0,0.0,0.0,0.0,0.0,2.0,2.0,0.0,0.0,0.0,0.0,0.0,0.0,0.0,0.0,0.0,0.0,0.0,0.0,0.0,0.0,0.0,0.0,0.0,0.0
7450209543,9,3.3333333333333335,3.0,4,government and public services,3,0,6,0.0,0.0,0.0,0.0,0.0,0.0,3.0,0.0,0.0,0.0,0.0,0.0,0.0,0.0,0.0,0.0,0.0,0.0,0.0,0.0,0.0,0.0,3.0,3.0,0.0
7456807770,289,3.3529411764705883,3.0,5,news and media,34,0,255,0.0,17.0,17.0,0.0,17.0,17.0,17.0,17.0,0.0,0.0,0.0,0.0,17.0,0.0,17.0,17.0,17.0,17.0,17.0,0.0,0.0,17.0,0.0,17.0,17.0
7490807377,49,3.5714285714285716,4.0,5,technology science and research,14,0,35,0.0,0.0,0.0,0.0,0.0,7.0,7.0,7.0,0.0,7.0,0.0,0.0,7.0,0.0,0.0,0.0,0.0,0.0,7.0,0.0,0.0,0.0,0.0,7.0,0.0
7561129082,81,3.5555555555555554,4.0,5,streaming platforms,9,0,72,0.0,0.0,0.0,0.0,0.0,0.0,0.0,9.0,9.0,0.0,9.0,0.0,0.0,0.0,0.0,0.0,9.0,9.0,9.0,9.0,9.0,0.0,0.0,0.0,0.0
7585490098,16,3.75,4.0,4,technology science and research,12,0,4,0.0,0.0,0.0,0.0,0.0,4.0,4.0,0.0,0.0,0.0,0.0,4.0,0.0,0.0,0.0,0.0,0.0,0.0,0.0,0.0,0.0,0.0,0.0,4.0,0.0
7596130808,9,3.3333333333333335,3.0,4,news and media,3,0,6,0.0,0.0,0.0,0.0,0.0,0.0,3.0,0.0,0.0,0.0,0.0,0.0,0.0,0.0,0.0,0.0,0.0,0.0,0.0,0.0,0.0,0.0,3.0,3.0,0.0
7604830192,49,3.5714285714285716,4.0,4,e-commerce,14,0,35,7.0,0.0,0.0,0.0,0.0,7.0,7.0,7.0,0.0,0.0,0.0,0.0,7.0,0.0,0.0,0.0,0.0,0.0,7.0,0.0,0.0,7.0,0.0,0.0,0.0
7611853384,9,3.3333333333333335,3.0,4,government and public services,3,0,6,0.0,0.0,0.0,0.0,0.0,0.0,3.0,0.0,0.0,0.0,0.0,0.0,0.0,0.0,0.0,0.0,0.0,0.0,0.0,0.0,0.0,0.0,0.0,3.0,0.0
7632242029,1,3.0,3.0,3,technology science and research,0,0,1,0.0,0.0,0.0,0.0,0.0,0.0,0.0,0.0,0.0,0.0,0.0,0.0,0.0,0.0,0.0,0.0,0.0,0.0,0.0,0.0,0.0,0.0,0.0,1.0,0.0
7644158705,9,3.3333333333333335,4.0,4,educational platforms,6,0,3,0.0,0.0,0.0,0.0,0.0,3.0,3.0,3.0,0.0,0.0,0.0,0.0,0.0,0.0,0.0,0.0,0.0,0.0,0.0,0.0,0.0,0.0,0.0,0.0,0.0
7669162755,25,3.6,4.0,5,streaming platforms,5,0,20,0.0,0.0,0.0,0.0,5.0,0.0,5.0,5.0,0.0,0.0,0.0,0.0,0.0,0.0,0.0,0.0,0.0,0.0,5.0,0.0,0.0,0.0,5.0,0.0,0.0
7750001119,81,4.0,4.0,5,technology science and research,27,0,54,0.0,0.0,0.0,0.0,0.0,9.0,9.0,0.0,0.0,0.0,0.0,0.0,0.0,0.0,0.0,0.0,9.0,0.0,0.0,0.0,9.0,0.0,9.0,9.0,0.0
7810794510,36,3.6666666666666665,3.5,5,government and public services,6,0,30,0.0,0.0,0.0,0.0,0.0,0.0,6.0,0.0,0.0,6.0,0.0,0.0,6.0,0.0,0.0,0.0,0.0,6.0,0.0,0.0,0.0,0.0,0.0,6.0,0.0
7838382411,4,3.5,3.5,4,educational platforms,2,0,2,0.0,0.0,0.0,0.0,0.0,0.0,2.0,0.0,0.0,0.0,0.0,0.0,0.0,0.0,0.0,0.0,0.0,0.0,0.0,0.0,0.0,0.0,2.0,0.0,0.0
7874467996,36,3.5,3.5,4,streaming platforms,6,0,30,0.0,0.0,0.0,0.0,0.0,0.0,6.0,0.0,0.0,0.0,0.0,0.0,6.0,0.0,0.0,0.0,0.0,0.0,0.0,0.0,0.0,6.0,6.0,6.0,0.0
7908444877,81,3.5555555555555554,4.0,5,e-commerce,18,0,63,0.0,0.0,0.0,0.0,0.0,9.0,9.0,9.0,0.0,0.0,0.0,0.0,0.0,9.0,9.0,0.0,9.0,0.0,9.0,0.0,0.0,0.0,9.0,9.0,0.0
7918200647,25,3.4,3.0,4,streaming platforms,0,0,25,0.0,0.0,0.0,0.0,0.0,0.0,0.0,0.0,0.0,0.0,0.0,0.0,0.0,5.0,0.0,0.0,5.0,0.0,0.0,0.0,0.0,0.0,5.0,5.0,0.0
7928264163,81,3.4444444444444446,4.0,4,news and media,18,0,63,0.0,0.0,0.0,0.0,0.0,9.0,9.0,9.0,0.0,0.0,0.0,0.0,9.0,0.0,0.0,0.0,0.0,9.0,9.0,0.0,0.0,0.0,0.0,9.0,0.0
7943498338,16,3.5,3.5,5,streaming platforms,0,0,16,4.0,0.0,0.0,0.0,0.0,0.0,0.0,4.0,0.0,0.0,0.0,0.0,0.0,0.0,4.0,0.0,0.0,0.0,0.0,0.0,0.0,0.0,0.0,4.0,0.0
7947636348,25,3.4,3.0,4,government and public services,5,0,20,0.0,0.0,0.0,0.0,0.0,0.0,5.0,0.0,5.0,0.0,0.0,0.0,0.0,0.0,0.0,0.0,5.0,0.0,0.0,0.0,0.0,0.0,5.0,5.0,0.0
7965215914,5,3.3333333333333335,4.0,4,technology science and research,2,0,3,0.0,0.0,0.0,0.0,0.0,0.0,2.0,2.0,0.0,0.0,0.0,0.0,0.0,0.0,0.0,0.0,0.0,0.0,0.0,0.0,0.0,0.0,0.0,0.0,0.0
8006238889,9,3.6666666666666665,4.0,4,news and media,3,0,6,0.0,0.0,0.0,0.0,0.0,0.0,3.0,0.0,0.0,0.0,0.0,0.0,0.0,0.0,0.0,0.0,0.0,0.0,0.0,0.0,0.0,0.0,0.0,0.0,0.0
8020577869,49,3.142857142857143,3.0,5,government and public services,7,0,42,0.0,0.0,0.0,0.0,0.0,0.0,7.0,7.0,0.0,0.0,7.0,0.0,7.0,0.0,7.0,0.0,0.0,7.0,0.0,0.0,0.0,0.0,0.0,7.0,0.0
8047369079,121,3.090909090909091,3.0,5,news and media,33,0,88,0.0,11.0,0.0,0.0,0.0,11.0,11.0,11.0,0.0,0.0,0.0,0.0,11.0,0.0,0.0,11.0,11.0,11.0,0.0,0.0,11.0,0.0,11.0,11.0,0.0
8054950596,4,4.0,4.0,4,government and public services,4,0,0,0.0,0.0,0.0,0.0,0.0,2.0,2.0,0.0,0.0,0.0,0.0,0.0,0.0,0.0,0.0,0.0,0.0,0.0,0.0,0.0,0.0,0.0,0.0,0.0,0.0
8056970126,81,3.6666666666666665,4.0,5,streaming platforms,18,0,63,0.0,0.0,0.0,0.0,9.0,9.0,9.0,9.0,9.0,0.0,0.0,0.0,0.0,0.0,0.0,0.0,0.0,0.0,9.0,0.0,0.0,0.0,9.0,9.0,0.0
8066758432,4,2.5,2.5,3,streaming platforms,0,0,4,0.0,0.0,0.0,0.0,0.0,0.0,0.0,2.0,0.0,0.0,0.0,0.0,0.0,0.0,0.0,0.0,0.0,0.0,0.0,0.0,0.0,0.0,2.0,0.0,0.0
8085884109,9,3.3333333333333335,3.0,4,government and public services,0,0,9,0.0,0.0,0.0,0.0,0.0,0.0,0.0,0.0,0.0,0.0,0.0,0.0,0.0,3.0,0.0,0.0,3.0,0.0,0.0,0.0,0.0,0.0,0.0,3.0,0.0
8142768037,49,3.4285714285714284,3.0,5,news and media,21,0,28,0.0,0.0,0.0,0.0,0.0,7.0,7.0,7.0,0.0,0.0,0.0,0.0,7.0,0.0,0.0,0.0,0.0,7.0,0.0,0.0,7.0,0.0,0.0,7.0,0.0
8170624278,64,3.375,3.5,4,news and media,24,0,40,0.0,0.0,0.0,0.0,0.0,8.0,8.0,8.0,0.0,0.0,0.0,8.0,8.0,0.0,0.0,0.0,8.0,0.0,8.0,0.0,0.0,0.0,0.0,8.0,0.0
8179331530,16,3.5,3.5,4,e-commerce,0,0,16,0.0,0.0,0.0,0.0,0.0,0.0,0.0,0.0,0.0,0.0,0.0,0.0,0.0,4.0,0.0,0.0,4.0,0.0,0.0,0.0,0.0,0.0,4.0,0.0,0.0
8185584488,25,3.4,3.0,4,educational platforms,5,0,20,0.0,0.0,0.0,0.0,0.0,0.0,5.0,0.0,5.0,0.0,0.0,0.0,0.0,0.0,0.0,0.0,5.0,0.0,0.0,0.0,0.0,0.0,5.0,5.0,0.0
8244832401,171,3.923076923076923,4.0,5,educational platforms,78,0,93,0.0,0.0,0.0,39.0,0.0,39.0,39.0,0.0,0.0,0.0,0.0,0.0,39.0,0.0,0.0,0.0,0.0,0.0,0.0,0.0,0.0,0.0,15.0,0.0,0.0
8317483224,4,5.0,5.0,5,educational platforms,0,0,4,0.0,0.0,0.0,0.0,0.0,0.0,0.0,0.0,0.0,0.0,0.0,0.0,0.0,0.0,0.0,0.0,0.0,0.0,0.0,0.0,0.0,0.0,0.0,0.0,0.0
8325352647,9,3.3333333333333335,3.0,4,government and public services,0,0,9,0.0,0.0,0.0,0.0,0.0,0.0,0.0,0.0,0.0,0.0,0.0,0.0,0.0,3.0,0.0,0.0,3.0,0.0,0.0,0.0,0.0,0.0,0.0,3.0,0.0
8352230246,2,3.5,3.5,4,technology science and research,1,0,1,0.0,0.0,0.0,0.0,0.0,0.0,1.0,0.0,0.0,0.0,0.0,0.0,0.0,0.0,0.0,0.0,0.0,0.0,0.0,0.0,0.0,0.0,0.0,0.0,0.0
8420224297,64,4.0,4.0,5,technology science and research,16,0,48,8.0,0.0,0.0,0.0,0.0,8.0,8.0,0.0,0.0,0.0,0.0,0.0,0.0,0.0,0.0,0.0,8.0,0.0,8.0,0.0,0.0,0.0,0.0,8.0,0.0
8437119697,25,4.0,4.0,5,technology science and research,5,0,20,5.0,0.0,0.0,0.0,5.0,0.0,5.0,0.0,0.0,0.0,0.0,0.0,5.0,0.0,0.0,0.0,0.0,0.0,5.0,0.0,0.0,0.0,0.0,0.0,0.0
8454429618,1,4.0,4.0,4,government and public services,1,0,0,0.0,0.0,0.0,0.0,0.0,0.0,1.0,0.0,0.0,0.0,0.0,0.0,0.0,0.0,0.0,0.0,0.0,0.0,0.0,0.0,0.0,0.0,0.0,0.0,0.0
8491823152,289,3.8823529411764706,4.0,5,educational platforms,51,0,238,17.0,17.0,0.0,17.0,17.0,17.0,17.0,17.0,0.0,17.0,0.0,17.0,17.0,0.0,17.0,17.0,0.0,0.0,17.0,0.0,0.0,0.0,0.0,17.0,0.0
8562170592,16,3.25,3.0,4,streaming platforms,0,0,16,0.0,0.0,0.0,0.0,0.0,0.0,0.0,0.0,0.0,0.0,0.0,0.0,0.0,4.0,0.0,0.0,4.0,0.0,0.0,0.0,0.0,0.0,4.0,4.0,0.0
8589605512,2,4.0,4.0,4,technology science and research,1,0,1,0.0,0.0,0.0,0.0,0.0,0.0,1.0,0.0,0.0,0.0,0.0,0.0,0.0,0.0,0.0,0.0,0.0,0.0,0.0,0.0,0.0,0.0,0.0,0.0,0.0
8602576754,25,3.4,3.0,4,technology science and research,0,0,25,0.0,0.0,0.0,0.0,0.0,0.0,0.0,0.0,0.0,0.0,0.0,0.0,0.0,5.0,0.0,0.0,5.0,0.0,0.0,0.0,0.0,0.0,5.0,5.0,0.0
8613910382,81,3.3333333333333335,3.0,5,educational platforms,18,0,63,0.0,0.0,0.0,0.0,0.0,9.0,9.0,9.0,0.0,0.0,9.0,0.0,9.0,0.0,9.0,0.0,0.0,9.0,9.0,0.0,0.0,0.0,0.0,0.0,0.0
8616262877,4,3.0,3.0,3,technology science and research,0,0,4,0.0,0.0,0.0,0.0,0.0,0.0,0.0,0.0,0.0,0.0,0.0,0.0,0.0,0.0,0.0,0.0,2.0,0.0,0.0,0.0,0.0,0.0,2.0,0.0,0.0
8649911099,9,4.0,4.0,4,educational platforms,6,0,3,0.0,0.0,0.0,0.0,0.0,3.0,3.0,0.0,0.0,0.0,0.0,0.0,0.0,0.0,0.0,0.0,0.0,0.0,0.0,3.0,0.0,0.0,0.0,0.0,0.0
8654682977,49,3.4285714285714284,3.0,5,educational platforms,7,0,42,0.0,0.0,0.0,0.0,7.0,0.0,7.0,7.0,0.0,0.0,7.0,0.0,7.0,0.0,7.0,0.0,0.0,0.0,0.0,0.0,0.0,0.0,0.0,7.0,0.0
8697981092,49,3.2857142857142856,3.0,4,government and public services,14,0,35,0.0,0.0,0.0,0.0,0.0,7.0,7.0,7.0,0.0,0.0,0.0,0.0,0.0,0.0,0.0,0.0,0.0,7.0,7.0,0.0,0.0,0.0,0.0,7.0,0.0
8727933125,100,3.7,4.0,5,streaming platforms,40,0,60,0.0,0.0,0.0,0.0,0.0,10.0,10.0,0.0,0.0,0.0,0.0,10.0,0.0,0.0,10.0,10.0,10.0,0.0,10.0,0.0,10.0,0.0,10.0,10.0,0.0
8728895407,9,3.0,3.0,3,government and public services,0,0,9,0.0,0.0,0.0,0.0,0.0,0.0,0.0,0.0,0.0,0.0,0.0,0.0,0.0,0.0,0.0,0.0,0.0,3.0,0.0,0.0,0.0,0.0,0.0,0.0,0.0
8734339493,16,3.5,3.5,5,government and public services,4,0,12,0.0,0.0,0.0,0.0,0.0,0.0,4.0,4.0,0.0,0.0,0.0,0.0,4.0,0.0,4.0,0.0,0.0,0.0,0.0,0.0,0.0,0.0,0.0,0.0,0.0
8773059234,36,3.5,3.5,5,educational platforms,6,0,30,0.0,0.0,0.0,0.0,0.0,0.0,6.0,6.0,0.0,6.0,6.0,0.0,0.0,0.0,0.0,0.0,0.0,0.0,0.0,0.0,0.0,0.0,0.0,6.0,0.0
8774465854,36,4.0,4.0,5,educational platforms,12,0,24,0.0,0.0,0.0,0.0,0.0,6.0,6.0,0.0,0.0,0.0,0.0,0.0,6.0,0.0,6.0,0.0,0.0,0.0,6.0,0.0,0.0,0.0,0.0,0.0,0.0
8791766791,81,3.2222222222222223,3.0,5,news and media,18,0,63,0.0,9.0,0.0,0.0,9.0,9.0,9.0,0.0,0.0,0.0,0.0,0.0,9.0,0.0,0.0,0.0,9.0,9.0,0.0,0.0,0.0,0.0,0.0,9.0,0.0
8818139023,25,4.0,4.0,5,streaming platforms,10,0,15,0.0,0.0,0.0,0.0,5.0,5.0,5.0,0.0,0.0,0.0,0.0,0.0,0.0,0.0,0.0,0.0,0.0,0.0,5.0,0.0,0.0,0.0,0.0,5.0,0.0
8818878279,49,3.0,3.0,4,government and public services,7,0,42,0.0,0.0,0.0,0.0,0.0,0.0,7.0,7.0,0.0,0.0,0.0,0.0,0.0,0.0,0.0,0.0,0.0,7.0,0.0,0.0,0.0,0.0,7.0,7.0,0.0
8854230542,9,3.0,3.0,4,government and public services,3,0,6,0.0,0.0,0.0,0.0,0.0,0.0,3.0,3.0,0.0,0.0,0.0,0.0,0.0,0.0,0.0,0.0,0.0,0.0,0.0,0.0,0.0,0.0,0.0,3.0,0.0
8866935042,16,2.75,2.5,4,streaming platforms,0,0,16,0.0,0.0,0.0,0.0,0.0,0.0,0.0,4.0,0.0,0.0,0.0,0.0,0.0,0.0,0.0,4.0,0.0,0.0,0.0,0.0,0.0,0.0,4.0,0.0,0.0
8873477499,16,3.75,3.5,5,government and public services,0,0,16,0.0,0.0,0.0,0.0,0.0,0.0,0.0,0.0,0.0,4.0,0.0,0.0,0.0,0.0,0.0,0.0,0.0,4.0,0.0,0.0,0.0,0.0,4.0,0.0,0.0
8883634268,9,3.3333333333333335,4.0,4,educational platforms,6,0,3,0.0,0.0,0.0,0.0,0.0,3.0,3.0,0.0,0.0,0.0,3.0,0.0,0.0,0.0,0.0,0.0,0.0,0.0,0.0,0.0,0.0,0.0,0.0,0.0,0.0
8918898275,36,3.5,3.5,4,government and public services,6,0,30,0.0,0.0,0.0,0.0,0.0,0.0,6.0,0.0,0.0,0.0,0.0,0.0,6.0,0.0,0.0,0.0,0.0,6.0,6.0,0.0,0.0,0.0,0.0,6.0,0.0
8921344296,100,4.0,4.0,5,streaming platforms,30,0,70,0.0,0.0,10.0,0.0,10.0,10.0,10.0,0.0,0.0,0.0,0.0,0.0,10.0,0.0,10.0,0.0,10.0,10.0,0.0,0.0,10.0,0.0,0.0,10.0,0.0
8958991169,81,3.6666666666666665,4.0,5,technology science and research,18,0,63,0.0,0.0,0.0,0.0,9.0,9.0,9.0,0.0,0.0,0.0,0.0,0.0,9.0,0.0,0.0,0.0,0.0,9.0,9.0,9.0,0.0,0.0,9.0,9.0,0.0
8987402778,64,3.625,3.0,5,news and media,0,0,64,0.0,0.0,0.0,8.0,8.0,0.0,0.0,8.0,0.0,0.0,0.0,0.0,0.0,0.0,8.0,0.0,8.0,8.0,0.0,0.0,0.0,0.0,8.0,8.0,0.0
9040720038,16,3.25,3.0,4,government and public services,4,0,12,0.0,0.0,0.0,0.0,0.0,0.0,4.0,0.0,0.0,0.0,0.0,0.0,4.0,0.0,0.0,0.0,0.0,4.0,0.0,0.0,0.0,0.0,0.0,4.0,0.0
9053765347,16,4.0,4.5,5,e-commerce,4,0,12,0.0,0.0,0.0,0.0,0.0,0.0,4.0,0.0,0.0,0.0,0.0,0.0,0.0,0.0,4.0,4.0,0.0,0.0,0.0,0.0,0.0,0.0,0.0,0.0,0.0
9055889873,9,3.3333333333333335,3.0,4,e-commerce,0,0,9,0.0,0.0,0.0,0.0,0.0,0.0,0.0,0.0,0.0,0.0,0.0,0.0,0.0,3.0,0.0,0.0,3.0,0.0,0.0,0.0,0.0,0.0,0.0,3.0,0.0
9073219799,36,4.166666666666667,4.0,5,technology science and research,24,0,12,0.0,0.0,0.0,0.0,0.0,6.0,6.0,0.0,0.0,0.0,0.0,6.0,0.0,0.0,6.0,0.0,0.0,0.0,0.0,0.0,6.0,0.0,6.0,0.0,0.0
9115778574,9,3.3333333333333335,3.0,4,government and public services,3,0,6,0.0,0.0,0.0,0.0,0.0,0.0,3.0,0.0,0.0,0.0,0.0,0.0,0.0,0.0,0.0,0.0,0.0,0.0,0.0,0.0,0.0,0.0,0.0,0.0,0.0
9136224526,16,3.25,3.0,4,government and public services,4,0,12,0.0,0.0,0.0,0.0,0.0,0.0,4.0,0.0,0.0,0.0,0.0,0.0,0.0,0.0,0.0,0.0,0.0,0.0,0.0,0.0,0.0,0.0,0.0,4.0,0.0
9219227082,1,4.0,4.0,4,technology science and research,1,0,0,0.0,0.0,0.0,0.0,0.0,0.0,1.0,0.0,0.0,0.0,0.0,0.0,0.0,0.0,0.0,0.0,0.0,0.0,0.0,0.0,0.0,0.0,0.0,0.0,0.0
9319730542,49,3.0,3.0,4,e-commerce,14,0,35,0.0,0.0,0.0,0.0,0.0,0.0,7.0,0.0,0.0,0.0,7.0,0.0,0.0,0.0,0.0,0.0,0.0,7.0,0.0,0.0,0.0,0.0,0.0,7.0,7.0
9322041267,16,3.75,4.0,4,government and public services,4,0,12,0.0,0.0,0.0,0.0,0.0,0.0,4.0,0.0,0.0,0.0,0.0,0.0,0.0,0.0,0.0,0.0,0.0,0.0,0.0,4.0,0.0,0.0,4.0,0.0,0.0
9364906934,4,3.5,3.5,4,streaming platforms,2,0,2,0.0,0.0,0.0,0.0,0.0,0.0,2.0,0.0,0.0,0.0,0.0,0.0,0.0,0.0,0.0,0.0,0.0,0.0,0.0,0.0,0.0,0.0,2.0,0.0,0.0
9394068939,36,3.0,3.0,4,government and public services,6,0,30,0.0,6.0,0.0,0.0,0.0,0.0,6.0,6.0,6.0,0.0,0.0,0.0,0.0,0.0,0.0,0.0,0.0,0.0,0.0,0.0,0.0,0.0,0.0,0.0,0.0
9402057227,1,4.0,4.0,4,technology science and research,1,0,0,0.0,0.0,0.0,0.0,0.0,0.0,1.0,0.0,0.0,0.0,0.0,0.0,0.0,0.0,0.0,0.0,0.0,0.0,0.0,0.0,0.0,0.0,0.0,0.0,0.0
9458755226,25,4.0,4.0,5,news and media,10,0,15,0.0,0.0,0.0,0.0,5.0,5.0,5.0,0.0,0.0,0.0,0.0,0.0,0.0,0.0,0.0,0.0,0.0,5.0,5.0,0.0,0.0,0.0,0.0,0.0,0.0
9503543617,81,3.4444444444444446,3.0,4,news and media,27,0,54,0.0,0.0,0.0,0.0,0.0,9.0,9.0,0.0,0.0,0.0,0.0,9.0,0.0,0.0,0.0,0.0,0.0,9.0,0.0,0.0,0.0,0.0,9.0,9.0,0.0
9513728892,16,2.75,2.5,4,educational platforms,4,0,12,0.0,4.0,0.0,0.0,0.0,0.0,4.0,0.0,0.0,0.0,0.0,0.0,4.0,0.0,0.0,4.0,0.0,0.0,0.0,0.0,0.0,0.0,0.0,0.0,0.0
9533668246,169,3.3076923076923075,3.0,5,streaming platforms,26,0,143,0.0,13.0,13.0,0.0,0.0,13.0,13.0,0.0,0.0,0.0,13.0,0.0,13.0,0.0,0.0,0.0,0.0,13.0,0.0,0.0,0.0,0.0,0.0,13.0,0.0
9637552863,9,3.3333333333333335,3.0,4,technology science and research,3,0,6,0.0,0.0,0.0,0.0,0.0,0.0,3.0,0.0,0.0,0.0,0.0,0.0,0.0,0.0,0.0,0.0,0.0,0.0,0.0,0.0,0.0,0.0,3.0,3.0,0.0
9645471193,16,3.5,3.5,4,government and public services,4,0,12,0.0,0.0,0.0,0.0,0.0,0.0,4.0,0.0,0.0,0.0,0.0,0.0,0.0,0.0,0.0,0.0,0.0,0.0,0.0,0.0,0.0,0.0,4.0,4.0,0.0
9684391649,81,3.6666666666666665,4.0,5,streaming platforms,18,0,63,0.0,0.0,0.0,0.0,0.0,9.0,9.0,0.0,0.0,0.0,0.0,0.0,0.0,9.0,9.0,0.0,9.0,0.0,9.0,0.0,0.0,0.0,9.0,9.0,9.0
9727821720,49,3.5714285714285716,4.0,5,news and media,7,0,42,0.0,0.0,0.0,0.0,0.0,0.0,7.0,7.0,0.0,0.0,0.0,0.0,7.0,0.0,7.0,0.0,0.0,0.0,0.0,0.0,0.0,0.0,0.0,7.0,0.0
9752502690,81,3.2222222222222223,3.0,4,news and media,36,0,45,0.0,0.0,0.0,0.0,0.0,9.0,9.0,9.0,0.0,0.0,0.0,9.0,9.0,0.0,0.0,0.0,9.0,0.0,9.0,0.0,0.0,0.0,0.0,9.0,0.0
9777365068,1,4.0,4.0,4,government and public services,1,0,0,0.0,0.0,0.0,0.0,0.0,0.0,1.0,0.0,0.0,0.0,0.0,0.0,0.0,0.0,0.0,0.0,0.0,0.0,0.0,0.0,0.0,0.0,0.0,0.0,0.0
9777552764,81,3.7777777777777777,4.0,5,educational platforms,18,0,63,0.0,0.0,0.0,0.0,9.0,9.0,9.0,9.0,0.0,0.0,0.0,0.0,0.0,0.0,9.0,0.0,9.0,0.0,9.0,0.0,0.0,0.0,0.0,9.0,0.0
9815980762,144,3.5833333333333335,4.0,5,e-commerce,24,0,120,12.0,12.0,0.0,0.0,12.0,0.0,12.0,12.0,0.0,0.0,0.0,0.0,12.0,0.0,0.0,0.0,0.0,0.0,0.0,12.0,12.0,12.0,12.0,12.0,0.0
9817868776,49,3.5714285714285716,4.0,4,educational platforms,14,0,35,0.0,0.0,0.0,0.0,0.0,7.0,7.0,0.0,0.0,0.0,0.0,0.0,7.0,0.0,0.0,0.0,7.0,0.0,0.0,7.0,0.0,0.0,0.0,7.0,0.0
9869898930,36,3.5,3.5,4,streaming platforms,12,0,24,0.0,0.0,0.0,0.0,0.0,6.0,6.0,0.0,0.0,0.0,0.0,0.0,0.0,0.0,0.0,0.0,6.0,0.0,0.0,0.0,0.0,0.0,6.0,6.0,0.0
9883619995,100,3.5,3.0,5,streaming platforms,20,0,80,0.0,0.0,0.0,0.0,0.0,0.0,10.0,10.0,0.0,0.0,0.0,0.0,0.0,0.0,10.0,0.0,10.0,10.0,10.0,0.0,10.0,0.0,10.0,10.0,0.0
9915679548,49,3.5714285714285716,4.0,5,technology science and research,14,0,35,0.0,0.0,0.0,0.0,0.0,7.0,7.0,0.0,0.0,0.0,0.0,0.0,0.0,0.0,7.0,7.0,7.0,0.0,7.0,0.0,0.0,0.0,0.0,7.0,0.0
9936752400,121,3.3636363636363638,3.0,5,government and public services,11,0,110,0.0,0.0,0.0,0.0,0.0,0.0,11.0,0.0,0.0,0.0,0.0,0.0,0.0,0.0,11.0,0.0,0.0,11.0,11.0,0.0,0.0,0.0,11.0,11.0,0.0
9990083020,9,3.3333333333333335,3.0,4,technology science and research,3,0,6,0.0,0.0,0.0,0.0,0.0,0.0,3.0,0.0,0.0,0.0,0.0,0.0,0.0,0.0,0.0,0.0,0.0,0.0,0.0,0.0,0.0,0.0,3.0,3.0,0.0
9990906928,4,3.5,3.5,4,educational platforms,2,0,2,0.0,0.0,0.0,0.0,0.0,0.0,2.0,0.0,0.0,0.0,0.0,0.0,0.0,0.0,0.0,0.0,0.0,0.0,0.0,0.0,0.0,0.0,0.0,0.0,2.0
9995023032,49,3.5714285714285716,3.0,5,streaming platforms,14,0,35,0.0,0.0,0.0,0.0,0.0,7.0,7.0,0.0,0.0,0.0,0.0,0.0,0.0,0.0,7.0,0.0,7.0,7.0,0.0,0.0,0.0,0.0,7.0,7.0,0.0
9995178363,100,3.6,3.5,5,technology science and research,10,0,90,0.0,0.0,10.0,0.0,0.0,0.0,10.0,10.0,0.0,0.0,0.0,0.0,10.0,0.0,10.0,0.0,10.0,0.0,10.0,0.0,0.0,0.0,0.0,10.0,0.0
